cluster_id;atc;stof;vergoeding_2024;gedeeld_met;farmatec_indicaties;status;opmerking;fkg_2026
astma;D11AH05;dupilumab;94666151;eczeem;Ernstig eosinofiel astma met type 2 inflammatie, adjuvant (Kind 6-12 jaar) | Ernstig eosinofiel astma met type 2 inflammatie, adjuvant (Volw. en Kind >= 12 jaar);concept;;AUT Auto-immuunziekten o.b.v. add-on
astma;R03DX05;omalizumab;39856754;;Allergisch astma (Kind 6-12 jaar) | Allergisch astma (Volw. en Kind 12-18 jaar);concept;;COZ COPD/Zware astma o.b.v. add-on
astma;R03DX09;mepolizumab;25538132;;Ernstig eosinofiel astma, aanvullende behandeling (Volw. en Kind 6-18 jaar);concept;;COZ COPD/Zware astma o.b.v. add-on
astma;R03DX10;benralizumab;15145870;;Ernstig eosinofiel astma, aanvullende behandeling (Volw.);concept;;COZ COPD/Zware astma o.b.v. add-on
astma;R03DX08;reslizumab;1948098;;Ernstig eosinofiel astma, aanvullende behandeling (Volw.);concept;;COZ COPD/Zware astma o.b.v. add-on
astma;R03DX11;tezepelumab;1054949;;Ernstig IgE-gemedieerd astma, aanvullende onderhoudsbeh., na intercollegiaal overleg (Volw. en Kind 12-18 jaar) | Ernstig astma, aanvullende onderhoudsbehandeling, na hoge dosis ICS icm ander onderhoudbeh. (Volw. en Kind 12-18 jaar) | Ernstig bewezen type 2 astma, aanvullende onderhoudsbeh., na intercollegiaal overleg (Volw. en Kind 12-18 jaar) | Ernstig eosinofiel astma, aanvullende onderhoudsbeh., na intercollegiaal overleg (Volw. en Kind 12-18 jaar) | Ernstig niet bewezen type 2 astma, aanvullend onderhoudsbeh. , na intercollegiaal overleg (Volw. en Kind 12-18 jaar);concept;;COP COPD/Zware astma / COZ COPD/Zware astma o.b.v. add-on
axspa;L04AB02;infliximab;49240775;crohn, cu, psa, psoriasis, ra;SpA (X-bekken afwijkend) (Volw.) | SpA, axiaal (Volw.);concept;;AUT Auto-immuunziekten o.b.v. add-on
axspa;L04AB04;adalimumab;44215063;crohn, cu, psa, psoriasis, ra;SpA (X-bekken afwijkend) (Volw.) | SpA, axiaal (Volw.) | SpA-nr, axiaal (CRP of MRI afwijkend) (Volw.);concept;;AUT Auto-immuunziekten o.b.v. add-on
axspa;L04AC10;secukinumab;38056396;psa, psoriasis;SpA (afwijkend X-bekken) (Volw.) | SpA-nr, axiaal (CRP of MRI afwijkend) (Volw.);concept;;AUT Auto-immuunziekten o.b.v. add-on
axspa;L04AB01;etanercept;22378748;crohn, psa, psoriasis, ra;SpA (X-bekken afwijkend) (Volw.) | SpA, axiaal (Volw.) | SpA-nr, axiaal (MRI of CRP afwijkend) (Volw.);concept;;AUT Auto-immuunziekten o.b.v. add-on
axspa;L04AC13;ixekizumab;17916153;psa, psoriasis;SpA (afwijkend X-bekken) (Volw.) | SpA-nr, axiaal (CRP of MRI afwijkend) (Volw.);concept;;AUT Auto-immuunziekten o.b.v. add-on
axspa;L04AF03;upadacitinib;16910334;crohn, cu, eczeem, psa, ra;SpA (afwijkend X-bekken) (Volw.) | SpA-nr, axiaal (CRP of MRI afwijkend) (Volw.);concept;;AUT Auto-immuunziekten o.b.v. add-on
axspa;L04AB06;golimumab;14930195;cu, psa, ra;SpA (X-bekken afwijkend) (Volw.) | SpA-nr, axiaal (CRP of MRI afwijkend) (Volw.);concept;;AUT Auto-immuunziekten o.b.v. add-on
axspa;L04AB05;certolizumab pegol;13427087;psa, psoriasis, ra;SpA, axiaal (X-bekken afwijkend) (Volw.) | SpA-nr, axiaal (CRP of MRI afwijkend) (Volw.);concept;;AUT Auto-immuunziekten o.b.v. add-on
axspa;L04AF01;tofacitinib;8516377;cu, psa, ra;SpA (afwijkend X-bekken) (Volw.);concept;;AUT Auto-immuunziekten o.b.v. add-on
axspa;L04AC21;bimekizumab;2503857;psa, psoriasis;SpA (afwijkend X-bekken) (Volw.) | SpA-nr, axiaal (CRP of MRI afwijkend) (Volw.);concept;;AUT Auto-immuunziekten o.b.v. add-on
crc;L01FF02;pembrolizumab;261771353;lymfoom, mamma, melanoom, nsclc, rcc;CRC, MSI-H of dMMR, irresectabel of m, na fluoropyrimidinebevattende combinatietherapie, mono (Volw.) | CRC, m, MSI-H of dMMR, 1e lijn (Volw.);concept;;CAN Kanker o.b.v. add-on
crc;L01FF01;nivolumab;83659759;lymfoom, melanoom, nsclc, rcc;CRC, MSI-H of dMMR, irresectabel of m, 1e lijn, combi met ipilimumab (Volw.) | CRC, m, MSI-H of dMMR, na fluorpyrimidine bevattende chemo, combi met ipilimumab (Volw.);concept;;CAN Kanker o.b.v. add-on
crc;L01FX04;ipilimumab;51049873;melanoom, nsclc, rcc;CRC, MSI-H of dMMR, irresectabel of m, 1e lijn, combi met nivolumab (Volw.) | CRC, m, MSI-H of dMMR, na fluorpyrimidine bevattende chemo, combi met nivolumab (Volw.);concept;;CAN Kanker o.b.v. add-on
crc;L01EC03;encorafenib;19268141;melanoom, nsclc;CRC, m, BRAF V600E+, 1e lijn, combi met cetuximab en FOLFOX (Volw.) | CRC, m, BRAF V600E+, >= 2e lijn, combi met cetuximab (Volw.);concept;;CAN Kanker o.b.v. add-on
crc;L01FG01;bevacizumab;13130894;mamma, nsclc, oog, rcc;CRC, m, >= 3e lijn, combi met trifluridine-tipiracil (Volw.) | CRC, m, combi met Teysuno en oxaliplatine / irinotecan (Volw.) | CRC, m, combi met capecitabine of 5-FU (Volw.);concept;;CAN Kanker o.b.v. add-on / MAC Maculadegeneratie o.b.v. add-on
crc;L01FE02;panitumumab;7806098;;CRC,  m, RAS WT, 1e lijn, combi met FOLFOX of FOLFIRI | CRC, m, RAS WT, 2e lijn, combi met FOLFIRI (Volw.) | CRC, m, RAS WT, >= 2e lijn, mono (Volw.);concept;;CAN Kanker o.b.v. add-on
crc;L01FG02;ramucirumab;7574654;nsclc;CRC, m, >= 2e lijn, combi met FOLFIRI (Volw.);concept;;CAN Kanker o.b.v. add-on
crc;L01BC59;trifluridine, combinatiepreparaten;3907127;;CRC, m, >= 3e lijn, combi met bevacizumab (Volw.) | CRC, m, mono (Volw.);concept;;CAN Kanker o.b.v. add-on
crc;L01FE01;cetuximab;3737983;;CRC, EGFR+, >= 2e lijn, combi met irinotecan (Volw.) | CRC, m, BRAF V600E+, 1e lijn, combi met encorafenib en FOLFOX (Volw.) | CRC, m, BRAF V600E+, >= 2e lijn, combi  met encorafenib (Volw.) | CRC, m, EGFR+, RAS WT, 1e lijn, combi met FOLFOX (Volw.) | CRC, m, EGFR+, RAS WT, >= 2e lijn, mono (Volw.) | CRC, m, EGFR+, RAS WT, combi met irinotecan (Volw.) | … (+1);concept;;CAN Kanker o.b.v. add-on
crc;L01BC53;tegafur, combinatiepreparaten;1649325;;CRC, m, mono of combi met oxaliplatine of irinotecan, met of zonder bevacizumab (Volw.);concept;;CAN Kanker o.b.v. add-on
crc;L01BC06;capecitabine;1374816;mamma;CRC, Stadium II, high-risk, combi met oxaliplatine, adjuvant (Volw.) | CRC, m (Volw.) | CRC, stadium III, adjuvant (Volw.);concept;;CAN Kanker o.b.v. add-on
crc;L01XA03;oxaliplatine;1350884;lymfoom, nsclc;CRC, m, BRAF V600E+, 1e lijn, combi met cetuximab en encorafenib (Volw.) | CRC, m, EGFR+, RAS WT, 1e lijn, combi met folinezuur, 5-FU en cetuximab (Volw.) | CRC, m, RAS WT, 1e lijn, combi met panitumumab, 5-FU en folinezuur (Volw.) | CRC, m, combi 5-FU en folinezuur of capecitabine (Volw.) | CRC, m, combi met 5-FU en folinezuur (Volw.) | CRC, m, combi met Teysuno, met of zonder bevacizumab (Volw.) | … (+4);concept;;CAN Kanker o.b.v. add-on
crc;L01CE02;irinotecan;1130327;;CRC, Adv, 1e lijn, combi met 5-FU en folinezuur (Volw.) | CRC, Adv, >= 2de lijn, combi met 5-FU en folinezuur (Volw.) | CRC, Adv, >= 2e lijn, mono (Volw.) | CRC, m, 1e lijn, combi met 5-FU, folinezuur en bevacizumab (Volw.) | CRC, m, 1e lijn, combi met capecitabine en met of zonder bevacizumab (Volw.) | CRC, m, >= 2e lijn, combi met aflibercept, 5-FU en folinezuur (Volw.) | … (+6);concept;;CAN Kanker o.b.v. add-on
crc;L01EX05;regorafenib;529323;;CRC, m, >= 1e lijn, mono (Volw.);concept;;CAN Kanker o.b.v. add-on
crohn;L04AC05;ustekinumab;139058353;cu, psa, psoriasis;Crohn, na anti-TNFa (Kind 0-18 jaar) (therapieresistent of intolerantie) | Crohn, na anti-TNFa (Volw.) (therapieresistent of intolerantie) | Crohn, na biological (Kind 2-18 jaar) (therapieresistent of intoleratie) | Crohn, na biological (Kind met lichaamsgewicht >= 40kg) (therapieresistent of intoleratie);concept;;AUT Auto-immuunziekten o.b.v. add-on
crohn;L04AG05;vedolizumab;69834002;cu;Crohn, na anti-TNFa (Kind 0-18 jaar) (therapieresistent of intolerantie) | Crohn, therapieresistent of intolerant voor thiopurines of TNFa-antagonisten (Volw.);concept;;AUT Auto-immuunziekten o.b.v. add-on
crohn;L04AB02;infliximab;49240775;axspa, cu, psa, psoriasis, ra;Crohn (Kind 0-6 jaar) | Crohn (Kind 6-18 jaar) (therapieresistent, intolerantie of contra-indicatie) | Crohn (Volw.) (therapieresistent, intolerantie of contra-indicatie) | Crohn, met fistelvorming (Volw.) (therapieresistent);concept;;AUT Auto-immuunziekten o.b.v. add-on
crohn;L04AB04;adalimumab;44215063;axspa, cu, psa, psoriasis, ra;Crohn (Kind 6-18 jaar) (therapieresistent, intolerantie of contra-indicatie) | Crohn (Volw.) (therapieresistent, intolerantie of contra-indicatie);concept;;AUT Auto-immuunziekten o.b.v. add-on
crohn;L04AB01;etanercept;22378748;axspa, psa, psoriasis, ra;Crohn (Volw.);concept;;AUT Auto-immuunziekten o.b.v. add-on
crohn;L04AC16;guselkumab;18573815;cu, psa, psoriasis;Crohn, (Volw.) (therapieresistent of intolerant voor conventionele behandeling of biological);concept;;AUT Auto-immuunziekten o.b.v. add-on
crohn;L04AF03;upadacitinib;16910334;axspa, cu, eczeem, psa, ra;Crohn, (Volw.) (therapieresistent of intolerant voor conventionele behandeling of biological);concept;;AUT Auto-immuunziekten o.b.v. add-on
crohn;L04AC18;risankizumab;16213191;cu, psa, psoriasis;Crohn, (Volw.) (therapieresistent of intolerant voor conventionele behandeling of biological);concept;;AUT Auto-immuunziekten o.b.v. add-on
crohn;L04AC24;mirikizumab;63316;cu;Crohn, (Volw.) (therapieresistent of intolerant voor conventionele behandeling of biological);concept;;
cu;L04AC05;ustekinumab;139058353;crohn, psa, psoriasis;Colitis ulcerosa (Kind 2-18 jaar) (therapieresistent, intolerantie) | Colitis ulcerosa, na anti-TNFa (Kind 0-18 jaar) (therapieresistent of intolerantie) | Colitis ulcerosa, na biological (Volw.) (therapieresistent of intolerantie)*;concept;;AUT Auto-immuunziekten o.b.v. add-on
cu;L04AG05;vedolizumab;69834002;crohn;Colitis ulcerosa, na anti-TNFa (Kind 0-18 jaar) (therapieresistent of intolerantie) | Colitis ulcerosa, therapieresistent of intolerant voor thiopurines of TNFa-antagonisten (Volw.);concept;;AUT Auto-immuunziekten o.b.v. add-on
cu;L04AB02;infliximab;49240775;axspa, crohn, psa, psoriasis, ra;Colitis ulcerosa (Kind 0-6 jaar) | Colitis ulcerosa (Kind 6-18 jaar) (therapieresistent, intolerantie of contra-indicatie) | Colitis ulcerosa (Volw.) (therapieresistent, intolerantie of contra-indicatie);concept;;AUT Auto-immuunziekten o.b.v. add-on
cu;L04AB04;adalimumab;44215063;axspa, crohn, psa, psoriasis, ra;Colitis ulcerosa (Kind 6-18 jaar) (therapieresistent, intolerantie of contra-indicatie) | Colitis ulcerosa (Volw.) (therapieresistent, intolerantie of contra-indicatie);concept;;AUT Auto-immuunziekten o.b.v. add-on
cu;L04AC16;guselkumab;18573815;crohn, psa, psoriasis;Colitis ulcerosa, na biological (Volw.) (therapieresistent of intolerantie)*;concept;;AUT Auto-immuunziekten o.b.v. add-on
cu;L04AF03;upadacitinib;16910334;axspa, crohn, eczeem, psa, ra;Colitis ulcerosa, na biological (Volw.) (therapieresistent of intolerantie)*;concept;;AUT Auto-immuunziekten o.b.v. add-on
cu;L04AC18;risankizumab;16213191;crohn, psa, psoriasis;Colitis ulcerosa, na biological (Volw.) (therapieresistent of intolerantie)*;concept;;AUT Auto-immuunziekten o.b.v. add-on
cu;L04AB06;golimumab;14930195;axspa, psa, ra;Colitis ulcerosa (Kind 2-18 jaar) (therapieresistent, intolerantie of contra-indicatie) (Lichaamsgewicht >= 15 kg) | Colitis ulcerosa (Volw.) (therapieresistent, intolerantie of contra-indicatie);concept;;AUT Auto-immuunziekten o.b.v. add-on
cu;L04AF01;tofacitinib;8516377;axspa, psa, ra;Colitis ulcerosa, na biological (Volw.) (therapieresistent of intolerantie)*;concept;;AUT Auto-immuunziekten o.b.v. add-on
cu;L04AF04;filgotinib;6380077;ra;Colitis ulcerosa, na biological (Volw.) (therapieresistent of intolerantie)*;concept;;AUT Auto-immuunziekten o.b.v. add-on
cu;L04AE02;ozanimod;423271;ms;Colitis ulcerosa, na biological (Volw.) (therapieresistent of intolerantie)*;concept;;RMS Aandoeningen hersenen/ruggenmerg: multiple sclerose
cu;L04AC24;mirikizumab;63316;crohn;Colitis ulcerosa, na biological (Volw.) (therapieresistent of intolerantie)*;concept;;
cu;L04AE05;etrasimod;0;;Colitis ulcerosa, na biological (Volw. en Kind 16-18 jaar) (therapieresistent, intolerantie);concept;;
eczeem;D11AH05;dupilumab;94666151;astma;Atopische dermatitis (Kind 6 maanden - 6 jaar) | Atopische dermatitis (Kind 6-12 jaar) | Atopische dermatitis (Volw. en kind 12-18 jaar);concept;;AUT Auto-immuunziekten o.b.v. add-on
eczeem;L04AF03;upadacitinib;16910334;axspa, crohn, cu, psa, ra;Atopische dermatitis (Volw. en kind 12-18 jaar);concept;;AUT Auto-immuunziekten o.b.v. add-on
eczeem;L04AF02;baricitinib;8621167;psa, ra;Atopische dermatitis (Volw. en Kind 2-18 jaar);concept;;AUT Auto-immuunziekten o.b.v. add-on
eczeem;D11AH07;tralokinumab;6620035;;Atopische dermatitis (Volw. en kind 12-18 jaar);concept;;
eczeem;D11AH08;abrocitinib;1581453;;Atopische dermatitis (Volw. en kind 12-18 jaar);concept;;
eczeem;D11AH10;lebrikizumab;2165;;Atopisch eczeem (Volw. en Kind 12-18 jaar, Lichaamsgewicht > 40 kg);concept;;
eczeem;D11AH12;nemolizumab;0;;Atopische dermatitis (Volw. en kind 12-18 jaar);concept;;
lymfoom;L01FF02;pembrolizumab;261771353;crc, mamma, melanoom, nsclc, rcc;Recidief of therapieresistent klassiek HL, >= 3e lijn, mono (Volw. en Kind 3-18 jaar);concept;"alleen klassiek HL ≥ 3e lijn; klein deel van de uitgaven";CAN Kanker o.b.v. add-on
lymfoom;L01FF01;nivolumab;83659759;crc, melanoom, nsclc, rcc;Klassiek HL stadium III of IV, 1e lijn, combi met doxorubicine, vinblastine en dacarbazine (Kind 12-18 jaar) | Klassiek HL stadium III of IV, 1e lijn, combi met doxorubicine, vinblastine en dacarbazine (Volw.) | Klassiek HL stadium III/IV, 1e lijn, combi met doxorubicine, vinblastine en dacarbazine (Volw., Adolescent > = 12 jaar) | Recidief of therapieresistent klassiek HL, 2e lijn, combi brentuximab vedotin (Kind >= 5 jaar, Adol., Volw. <= 30 jaar) | Recidief of therapieresistent klassiek HL, na autologe HSCT, mono (Volw.);concept;"alleen klassiek HL; klein deel van de uitgaven";CAN Kanker o.b.v. add-on
lymfoom;L01EL01;ibrutinib;42339899;;CLL, 17p-deletie of TP53-mutatie, 1e lijn, combi met venetoclax (Volw.) | CLL, 17p-deletie of TP53-mutatie, 1e lijn, mono (Volw.) | CLL, 1e lijn, combi met obinutuzumab (Volw.) | CLL, 1e lijn, combi met rituximab (Volw.) | CLL, 1e lijn, combi met venetoclax (Volw.) | CLL, 1e lijn, mono (Volw.) | … (+7);concept;;CAN Kanker o.b.v. add-on
lymfoom;L01XX52;venetoclax;21797144;;CLL bij niet fitte patiënten, zonder 17p-deletie of TP53-mutatie, 1e lijn, combi met obinutuzumab (Volw.) | CLL, 17p-deletie of TP53-mutatie, 1e lijn, combi met ibrutinib (Volw.) | CLL, 17p-deletie of TP53-mutatie, mono (Volw.) | CLL, 1e lijn, combi met acalabrutinib (Volw.) | CLL, 1e lijn, combi met acalabrutinib en met of zonder obinutuzumab (Volw.) | CLL, 1e lijn, combi met ibrutinib (Volw.) | … (+6);concept;;CAN Kanker o.b.v. add-on
lymfoom;L01XL03;axicabtagen ciloleucel;21742230;;DLBCL, recidief binnen 12 mnd of refractair voor 1e lijn chemo immunotherapie (Volw.) | R/R DLBCL of HGBL, 2e lijn, na pos. behandeladvies Werkgroep Immune Effector Cell van NVvH (Volw.) | Recidief of refractair DLBCL, >= 3e lijn (Volw.) | Recidief of refractair DLBCL, >= 3e lijn, na pos. behandeladvies  Werkgroep Immune Effector Cell van NVvH (Volw.) | Recidief of refractair FL, >= 4e lijn (Volw.);concept;;CAN Kanker o.b.v. add-on
lymfoom;L01FA01;rituximab;13567850;ms, ra;CD20+ DLBCL, BL/BAL, BLL, Adv, 1e lijn, combi (Kind 6 maanden - 18 jaar) | CD20+ DLBCL, combi met CHOP (Volw.) | CD20+ NHL of WM (Volw.) | CD20+ positieve lymfomen of lymfoproliferatieve aandoeningen, niet NHL of WM (Volw.) | CLL, 17p-deletie of TP53-mutatie, 1e lijn, combi met idelalisib (Volw.) | CLL, 1e lijn, combi met ibrutinib (Volw.) | … (+17);concept;;CAN Kanker o.b.v. add-on
lymfoom;L01FX05;brentuximab vedotine;7132336;;CD30+ HL St IIB med mass/extranod laesies/III/IV, combi met etoposide, cyclofosf, doxorubic, dacarbazine en dexamethas | CD30+ HL st. III/IV, 1e lijn, ongeschikt escBEACOPP/bleomycine, combi doxorubicine, vinblastine en dacarbazine (Volw.) | CD30+ HL stadium IIB/III/IV, combi met etoposide, cyclofosfamide, doxorubicine, dacarbazine en dexamethason (Volw.) | CD30+ HL stadium III, 1e lijn, combi met doxorubicine, vinblastine en dacarbazine (Volw.) | CD30+ HL stadium IV, 1e lijn, combi met doxorubicine, vinblastine en dacarbazine (Volw.) | CD30+ HL, verhoogd risico op recidief of progressie, na ASCT (Volw.) | … (+6);concept;;CAN Kanker o.b.v. add-on / CAN Kanker o.b.v. add-on
lymfoom;L01EL03;zanubrutinib;5046503;;CLL (Volw.) | CLL, 17p-deletie of TP53-mutatie, 1e lijn, mono (Volw.) | CLL, >= 2e lijn, mono (Volw.) | CLL, GEEN 17p-deletie of TP53-mutatie bij niet fitte patient, 1e lijn, mono (Volw.) | CLL, GEEN 17p-deletie of TP53-mutatie, fitte patienten, IGHV ongemuteerd, 1e lijn, mono (Volw.) | Refractair of recidief FL, >= 3e lijn, combi met obinutuzumab (Volw.);concept;;
lymfoom;L01EL02;acalabrutinib;4605153;;CLL, 17p-deletie of TP53-mutatie, 1e lijn, mono (Volw.) | CLL, 1e lijn, combi met obinutuzumab (Volw.) | CLL, 1e lijn, combi met venetoclax (Volw.) | CLL, 1e lijn, combi met venetoclax en met of zonder obinutuzumab (Volw.) | CLL, 1e lijn, mono (Volw.) | CLL, >= 2e lijn, mono (Volw.) | … (+6);concept;;
lymfoom;L01FA03;obinutuzumab;2898506;;CLL bij niet fitte patiënten, zonder 17p-deletie of TP53-mutatie, 1e lijn, combi met venetoclax (Volw.) | CLL, 1e lijn, combi met acalabrutinib (Volw.) | CLL, 1e lijn, combi met chloorambucil (Volw.) | CLL, 1e lijn, combi met ibrutinib (Volw.) | CLL, 1e lijn, combi met venetoclax (Volw.) | CLL, 1e lijn, combi met venetoclax en acalabrutinib (Volw.) | … (+4);concept;;CAN Kanker o.b.v. add-on
lymfoom;L01EA02;dasatinib;2294628;;CLL (Volw.);concept;"controleren: dasatinib is vooral CML/Ph+ ALL; CLL-indicatie in Farmatec is opvallend";CAN Kanker o.b.v. add-on
lymfoom;L01DB01;doxorubicine;1525850;mamma, myeloom;CD30+ HL St IIB med mass/extranod laesies/III/IV, combi met brentuximab, etoposide, cyclofosf, dacarbazine en dexamethas | CD30+ HL st. III/IV, 1e L, ongeschikt escBEACOPP/bleomycine, combi brentuximab vedo, vinblastine en dacarbazine (Volw.) | CD30+ HL stadium IIB/III/IV, combi met brentuximab, etoposide, cyclofosfamide, dacarbazine en dexamethason (Volw.) | CD30+ HL stadium III, 1e lijn, combi met brentuximab vedotin, vinblastine en dacarbazine (Volw.) | CD30+ HL stadium IV, 1e lijn, combi met brentuximab vedotin, vinblastine en dacarbazine (Volw.) | DLBCL of HGBL, MYC en BCL2 en/of BCL6 (DH/TH), combi lenalidomide en R-COP (R2CHOP) (Volw.) | … (+4);concept;;CAN Kanker o.b.v. add-on
lymfoom;L04AX04;lenalidomide;1465326;myeloom;DLBCL of HGBL, MYC en BCL2 en/of BCL6 (DH/TH), combi R-CHOP (R2CHOP) (Volw.) | Eerder behandeld FL, graad 1-3a, combi met rituximab (Volw.) | FL, 1e lijn, combi met rituximab (Volw.) | Recidief HL (Volw.) | Recidief NHL (Volw.) | Recidief of therapieresistent MCL, mono (Volw.);concept;;CAN Kanker o.b.v. add-on
lymfoom;L01XL04;tisagenlecleucel;1395200;;Recidief of refractair DLBCL, >= 3e lijn (Volw.) | Recidief of refractair DLBCL, >= 3e lijn, na pos. behandeladvies  Werkgroep Immune Effector Cell van NVvH (Volw.) | Recidief of refractair FL, >= 3e lijn (Volw.);concept;;CAN Kanker o.b.v. add-on
lymfoom;L01XA03;oxaliplatine;1350884;crc, nsclc;DLBCL NOS, recidief of refractair, niet in aanmerking voor ASCT, combi met glofitamab en gemcitabine (Volw.) | NHL of HL (Volw.);concept;;CAN Kanker o.b.v. add-on
lymfoom;L01AA01;cyclofosfamide;1097559;mamma, melanoom, myeloom;CD30+ HL St IIB med mass/extranod laesies/III/IV, combi met brentuximab, etoposide, doxorubic, dacarbazine en dexamethas | CD30+ HL stadium IIB/III/IV, combi met brentuximab, etoposide, doxorubicine, dacarbazine en dexamethason (Volw.) | CLL (Volw.) | DLBCL of HGBL, MYC en BCL2 en/of BCL6 (DH/TH), combi lenalidomide en R-HOP (R2CHOP) (Volw.) | DLBCL, 1e lijn, combi met met polatuzumab vedotine, rituximab, doxorubicine en prednison (Volw.) | HL, NHL of MM, combi (Volw. en Kind 0-18 jaar) | … (+3);concept;;CAN Kanker o.b.v. add-on
lymfoom;L01XX24;pegaspargase;1079402;;Lymfoblastair lymfoom en NK-T cel lymfoom (Volw. en Kind 0-18 jaar);concept;;CAN Kanker o.b.v. add-on
lymfoom;L01XX02;asparaginase;1015981;;Lymfoblastair lymfoom en NK-T cel lymfoom (Volw. en Kind 0-18 jaar);concept;;CAN Kanker o.b.v. add-on
lymfoom;L01EX18;avapritinib;910051;;ASM of SM-AHN of MCL, na minimaal  één systemische therapie, mono (Volw.);uitgesloten;MCL = mestcelleukemie (systemische mastocytose), geen mantelcellymfoom;EC3 Extreem hoge kosten cluster 3
lymfoom;L01XG01;bortezomib;780109;myeloom;HL, NHL of MM, combi met cyclofosfamide (Volw.) | MCL, niet in aanmerking voor HSCT, 1e lijn, combi met rituximab, cyclofosfamide, doxorubicine en prednison (Volw.) | Recidief MCL, >= 1e lijn (Volw.) | Waldenstroms macroglobulinemie, 1e lijn, recidiefbehandeling combi met RTX en steroiden (Volw.);concept;;CAN Kanker o.b.v. add-on
lymfoom;L01FX14;polatuzumab vedotine;727502;;DLBCL, 1e lijn, combi met met rituximab, cyclofosfamide, doxorubicine en prednison (Volw.) | Recidief of refractair DLBCL, niet in aanmerking voor HSCT, combi bendamustine en rituximab (Volw.);concept;;CAN Kanker o.b.v. add-on / CAN Kanker o.b.v. add-on
lymfoom;L01BC05;gemcitabine;613086;mamma, nsclc;DLBCL NOS, recidief of refractair, niet in aanmerking voor ASCT, combi met glofitamab en oxaliplatine (Volw.) | NHL of HL (Volw.) | Recidief of therapieresistent HL (Kind 0-18 jaar);concept;;CAN Kanker o.b.v. add-on
lymfoom;L01AX03;temozolomide;596080;melanoom;CNS lymfoom (Volw.);concept;;CAN Kanker o.b.v. add-on
lymfoom;L01CB01;etoposide;556852;nsclc;CD30+ HL St IIB med mass/extranod laesies/III/IV, combi met brentuximab, cyclofosf, doxorubic, dacarbazine en dexamethas | CD30+ HL stadium IIB/III/IV, combi brentuximab, cyclofosfamide, doxorubicine, dacarbazine en dexamethason (Volw.) | HL, 2e lijn, combi (Volw.) | HL, combi (Volw. en Kind 0-18 jaar) | NHL, combi (Volw. en Kind 0-18 jaar) | Recidief of therapieresistent NHL, combi (Volw.);concept;;CAN Kanker o.b.v. add-on
lymfoom;L01BB05;fludarabine;537661;melanoom;B-cel CLL, >= 1e lijn (Volw.) | CLL (Kind 0-18 jaar) | NHL (Volw.);concept;;CAN Kanker o.b.v. add-on
lymfoom;L01CA02;vincristine;282421;myeloom;DLBCL of HGBL, MYC en BCL2 en/of BCL6 (DH/TH), combi lenalidomide en R-CHP (R2CHOP) (Volw.) | HL, NHL of MM, combi met cyclofosfamide (Volw.) | MCL, 1e lijn, combi ibrutinib + R-CHP afgewisseld met R-DHAP zonder ibrutinib (Volw.) | Maligne lymfoom, HL of NHL, mono of combi;concept;;CAN Kanker o.b.v. add-on
lymfoom;L01BC01;cytarabine;276576;;Allogene HSCT bij recidief CLL, combi voorbereidende behandeling (Volw.) | NHL of HL (Volw.) | NHL, hoge maligniteitgraad, hoge dosering | NHL, hoge maligniteitsgraad, mono of combi (Volw. en Kind 0-18 jaar) | Primair CNS lymfoom of CNS leukemie of lymfoom (Volw.) | Recidief of primair therapieresistent CD30+ HL, voor ASCT, combi met brentuximab vedotin (Volw. en Kind >= 16 jaar);concept;;CAN Kanker o.b.v. add-on
lymfoom;L01EL05;pirtobrutinib;247212;;CLL (Volw.) | Recidief of therapieresistent MCL, eerder behandeld met BTK-remmer, mono (Volw.);concept;;CAN Kanker o.b.v. add-on
lymfoom;L01AA09;bendamustine;239392;myeloom;CLL, >= 2e lijn (Volw.) | CLL, Binet stadium B of C, 1e lijn (Volw.) | FL, >= 2e lijn, combi met obinutuzumab (Volw.) | Indolent NHL, >= 2e lijn, mono (Volw.) | MCL, 1e lijn, niet in aanmerking voor ASCT, combi met acalabrutinib en rituximab (Volw.) | Recidief HL, mono of combi (Volw.) | … (+2);concept;;CAN Kanker o.b.v. add-on
lymfoom;L01XA01;cisplatine;209316;mamma, nsclc;Allogene HSCT bij recidief CLL, combi voorbereidende behandeling (Volw.) | NHL of HL (Volw.) | Recidief of primair therapieresistent CD30+ HL, voor ASCT, combi met brentuximab vedotin (Volw. en Kind >= 16 jaar);concept;;CAN Kanker o.b.v. add-on
lymfoom;L01CA04;vinorelbine;185273;mamma, nsclc;Recidief HL (Volw.) | Recidief NHL (Volw.);concept;;CAN Kanker o.b.v. add-on
lymfoom;L01CA01;vinblastine;163671;mamma, rcc;CD30+ HL st. III/IV, 1e L, ongeschikt escBEACOPP/bleomycine, combi doxorubicine, brentuximab vedo en dacarbazine (Volw.) | CD30+ HL stadium III, 1e lijn, combi met doxorubicine, brentuximab vedotin en dacarbazine (Volw.) | CD30+ HL stadium IV, 1e lijn, combi met doxorubicine, brentuximab vedotin en dacarbazine (Volw.) | HL, mono of combi | Klassiek HL stadium III of IV, 1e lijn, combi met nivolumab, doxorubicine en dacarbazine (Kind 12-18 jaar) | Klassiek HL stadium III of IV, 1e lijn, combi met nivolumab, doxorubicine en dacarbazine (Volw.) | … (+2);concept;;CAN Kanker o.b.v. add-on
lymfoom;L01DC01;bleomycine;114164;;HL, combi (Volw. en Kind 0-18 jaar) | NHL, combi (Volw.);concept;;CAN Kanker o.b.v. add-on
lymfoom;L01AD02;lomustine;102948;melanoom, myeloom;HL of NHL;concept;;CAN Kanker o.b.v. add-on
lymfoom;L01XB01;procarbazine;72340;;HL of NHL, combi (Volw.) | HL, combi (Kind 2-18 jaar);concept;;CAN Kanker o.b.v. add-on
lymfoom;L01EM01;idelalisib;41006;;CLL, 17p-deletie of TP53-mutatie, 1e lijn, combi met rituximab (Volw.) | CLL, >= 2e lijn, combi met rituximab (Volw.) | Therapieresistent FL, >= 3e lijn, mono (Volw.);concept;;CAN Kanker o.b.v. add-on
lymfoom;L01AA02;chloorambucil;39385;;CLL (Volw.) | HL, combi (Volw. en Kind 0-18 jaar) | NHL, mono of combi (Volw. en Kind 0-18 jaar);concept;;CAN Kanker o.b.v. add-on
lymfoom;L01DB06;idarubicine;31700;;Grootcellig anaplastisch lymfoom (Kind 0-18 jaar);concept;;CAN Kanker o.b.v. add-on
lymfoom;L01DB07;mitoxantron;15256;mamma, ms, prostaat;NHL (Volw.);concept;;CAN Kanker o.b.v. add-on
lymfoom;L01FX28;glofitamab;0;;DLBCL NOS, recidief of refractair, niet in aanmerking voor ASCT, combi met gemcitabine en oxaliplatine (Volw.) | DLBCL, recidief of refractair, na twee of meer lijnen systemische therapie, mono (Volw.);concept;;
lymfoom;L01XL08;lisocabtageen maraleucel;0;;DLBCL, HGBCL, PMBCL en FL3B bij fit pt., R/R <12 mnd of na 1e lijn chemo, fit voor 2e lijn HSCT, pos. advies IEC (Volw.) | DLBCL, HGBCL, PMBCL en FL3B, refractair of recidief binnen 12 mnd na voltooing eerste lijns chemo (Volw.) | DLBCL, PMBCL en FL3B, recidief of refractair, na 2 >= systemische lijnen, na pos. advies WG Immun Eff. Cell NVvH (Volw.) | DLBCL, PMBCL en FL3B, recidief of refractair, na twee of meer lijnen systemische therapie (Volw.) | Recidief of refractair FL, >= 3e lijn (Volw.) | Recidief of therapieresistent MCL, na 2 >= systemische lijnen waaronder een BTK-remmer (Volw.);concept;;
mamma;L01FF02;pembrolizumab;261771353;crc, lymfoom, melanoom, nsclc, rcc;TNBC, hoog risico op recidief, neo-adjuv met chemotherapie, postoperatief adjuvant als monotherapie (Volw.) | TNBC, hoog risico op recidief, neo-adjuvant met chemotherapie (Volw.) | TNBC, hoog risico op recidief, non-pCR, adjuvant mono, na neoadjuvant (Volw.) | TNBC, hoog risico op recidief, non-pCR, adjuvant, na neoadjuvant, PLANET-studie (Volw.) | TNBC, hoog risico op recidief, pCR, adjuvant mono, na neoadjuvant (Volw.) | TNBC, irresectabel, LA of m, CPS >=10, combi met chemo (Volw.);concept;;CAN Kanker o.b.v. add-on
mamma;L01FD02;pertuzumab;30624524;;BC of EBC, LA, HER2+, high-risk, combi met trastuzumab, neo-adjuvant (Volw.) | BC, LA of m, HER2+, combi met trastuzumab en docetaxel (Volw.) | BC, irresectabel of m, HER2+, combi met trastuzumab en taxaan, nadien met trastuzumab (Volw.) | EBC, HER2+, high-risk, combi met trastuzumab, adjuvant (Volw.);concept;;CAN Kanker o.b.v. add-on
mamma;L01EF01;palbociclib;23815035;;BC, LA of m, HR+, HER2-, combi met aromataseremmer, bij pre-/perimenopauze ook LHRH-agonist (Volw. Vrouw) | BC, LA of m, HR+, HER2-, combi met fulvestrant na hormoontherapie bij pre-/perimenopauze ook LHRH-agonist (Volw. Vrouw);concept;;CAN Kanker o.b.v. add-on
mamma;L01FD03;trastuzumab emtansine;21737350;;BC, irresectabel, LA of m, HER2+, mono (Volw.) | EBC, mono, restziekte na neoadjuvant, adjuvant (Volw.);concept;;CAN Kanker o.b.v. add-on
mamma;L01XK01;olaparib;19504220;prostaat;BC, LA of m, BRCA1/2 +, HER2-, na anthracycline en taxaan, én indien ER+, na endocriene therapie, mono (Volw.) | EBC, BRCA1/2+, HER2-, high-risk, na (neo)adjuvant, mono of adjuvant met endocriene therapie (Volw.);concept;;CAN Kanker o.b.v. add-on
mamma;L01FG01;bevacizumab;13130894;crc, nsclc, oog, rcc;BC, m, 1e lijn, combi met capecitabine (Volw.) | BC, m, 1e lijn, combi met paclitaxel (Volw.);concept;;CAN Kanker o.b.v. add-on / MAC Maculadegeneratie o.b.v. add-on
mamma;L01FD01;trastuzumab;12696354;;BC of EBC, LA, combi met pertuzumab, neo-adjuvant (Volw.) | BC, HER2+, >= 2e lijn, combi met chemotherapie (Volw.) | BC, HER2+, tumor < 3 cm, N0, combi met paclitaxel, adjuvant (Volw.) | BC, LA of m, HER2+, >= 3e lijn, combi met tucatinib en capecitabine (Volw.) | BC, irresectabel of m, HER2+, combi met pertuzumab en taxaan, nadien met pertuzumab (Volw.) | BC, m, HER2+ , 1e lijn, combi met docetaxel (Volw.) | … (+11);concept;;CAN Kanker o.b.v. add-on
mamma;L01EF02;ribociclib;12106929;;BC, LA of m, HR+, HER2-, combi met aromataseremmer, bij pre-/perimenopauze ook LHRH-agonist (Volw. Vrouw) | BC, LA of m, HR+, HER2-, combi met fulvestrant als starttherapie bij pre-/perimenopauze ook LHRH-agonist (Volw. Vrouw) | BC, LA of m, HR+, HER2-, combi met fulvestrant na hormoontherapie bij pre-/perimenopauze ook LHRH-agonist (Volw. Vrouw) | EBC, HR+, HER2-, high-risk,adj. combi met aromataseremmer, bij  pre-/perimenopauze vrouw of bij man ook LHRH-agonist;concept;;CAN Kanker o.b.v. add-on
mamma;L01FF05;atezolizumab;8718544;nsclc;TNBC, irresectabel, LA of m, PD-L1 >= 1%, 1e lijn, combi met nab-paclitaxel (Volw.) | TNBC, irresectabel, LA of m, PD-L1 immuuncellen >= 1%, 1e lijn, >= 12 mnd na adjuvant, combi met nab-paclitaxel (Volw.);concept;;CAN Kanker o.b.v. add-on
mamma;L01FY01;pertuzumab met trastuzumab;7843476;;BC, HER2+, high-risk, combi met chemo, adjuvant (Volw.) | BC, LA, HER2+, high-risk, combi met chemo, neo-adjuvant (Volw.) | BC, irresectabel of m, HER2+, combi met taxaan aansluitend zonder taxaan (Volw.) | BC, m of LA, HER2+, combi met docetaxel (Volw.);concept;;CAN Kanker o.b.v. add-on
mamma;L01FD04;trastuzumab deruxtecan;7660933;nsclc;BC, irresectabel of m, HER2 low, na chemo bij m of recidief binnen 6 mnd na adjuvante chemo, mono (Volw.) | BC, irresectabel of m, HER2+, >= 2e lijn, mono (Volw.) | BC, irresectabel of m, HR+, HER2(ultra)low, na >=1 endocriene therapie,in volgende lijn endocrien niet mogelijk (Volw.);concept;;
mamma;L01EH03;tucatinib;6023802;;BC, LA of m, HER2+, >= 3e lijn, combi met trastuzumab en capecitabine (Volw.);concept;;CAN Kanker o.b.v. add-on
mamma;L01EG02;everolimus;5085775;rcc;BC, Adv, HR+, HER2-  postmenopauzaal, combi  met exemestaan (Volw. Vrouw);concept;;CAN Kanker o.b.v. add-on
mamma;L01CD01;paclitaxel;4244393;melanoom, nsclc;BC of EBC, LA, combi met pertuzumab en trastuzumab, neo-adjuvant (Volw.) | BC, HER2+, tumor < 3 cm, N0, combi met trastuzumab, adjuvant (Volw.) | BC, LA of m, combi met antracyclines of trastuzumab (Volw.) | BC, LA, irresectabel of m, combi met gemcitabine (Volw.) | BC, irresectabel, LA of m, HER2+, combi met pertuzumab en trastuzumab (Volw.) | BC, klierpositief, combi, adjuvant | … (+9);concept;;CAN Kanker o.b.v. add-on
mamma;L01EF03;abemaciclib;3480576;;BC, LA of m, HR+, HER2-, combi met aromataseremmer, bij pre-/perimenopauze ook LHRH-agonist (Volw. Vrouw) | BC, LA of m, HR+, HER2-, combi met fulvestrant als starttherapie bij pre-/perimenopauze ook LHRH-agonist (Volw. Vrouw) | BC, LA of m, HR+, HER2-, combi met fulvestrant na hormoontherapie bij pre-/perimenopauze ook LHRH-agonist (Volw. Vrouw) | EBC, N+, HR+, HER2-, high-risk, adj. met endocrien therapie, bij aromataseremmer én pre-/perimenopauze ook LHRH-agonist;concept;;CAN Kanker o.b.v. add-on
mamma;L01EM03;alpelisib;2335921;;BC, LA of m, HR+, HER2-, PIK3CA+, postmenopauz, na endocrien mono, niet na CDK4/6-remmer, combi met fulvestrant (Volw.) | BC, LA of m, HR+, HER2-, PIK3CA+, postmenopauz, na endocrien monotherap en CDK4/6-remmer (1L+), comb fulvestrant (Volw.) | BC, LA of m, HR+, HER2-,PIK3CA+, postmenopauzaal, na endocriene monotherapie, combi met fulvestrant (Volw.);concept;;CAN Kanker o.b.v. add-on
mamma;L01DB01;doxorubicine;1525850;lymfoom, myeloom;BC, m, 1e lijn, combi met cyclofosfamide (Volw. Vrouw) | BC, m, hoog risico hartaandoening, mono (Volw.);concept;;CAN Kanker o.b.v. add-on
mamma;L01DC03;mitomycine;1437220;nsclc;BC, Adv, m, mono of combi (Volw.) | BC, Adv, mono of combi (Volw.);concept;;CAN Kanker o.b.v. add-on
mamma;L01BC06;capecitabine;1374816;crc;BC, Adv of m, >= 2e lijn, combi met lapatinib | BC, HER2-, na neoadjuvant, combi adjuvant (Volw.) | BC, LA of m, HER2+, >= 3e lijn, combi met trastuzumab en tucatinib (Volw.) | BC, LA of m, combi met docetaxel (Volw.) | BC, LA of m, mono (Volw.) | BC, m, 1e lijn, combi met bevacizumab (Volw.) | … (+2);concept;;CAN Kanker o.b.v. add-on
mamma;L01AA01;cyclofosfamide;1097559;lymfoom, melanoom, myeloom;BC, combi adjuvant (Volw. en Kind 0-18 jaar) | BC, combi neoadjuvant (Volw.) | BC, m, 1e lijn, combi met doxorubicine (Volw. Vrouw) | BC, m, combi (Volw. en Kind 0-18 jaar);concept;;CAN Kanker o.b.v. add-on
mamma;L01XX41;eribuline;1035791;;BC, LA of m >= 2e lijn (Volw.) | BC, LA of m, >= 3e lijn (Volw.);concept;;CAN Kanker o.b.v. add-on
mamma;L01FX17;sacituzumab govitecan;620863;;BC, HR+, HER2-, irresectabel of m, na endocriene therapie en >= 2 aanvullende systemische therapieen, mono (Volw.) | TNBC, irresectabel of m, >= 3de lijn, eerder behandeld met taxaan, mono (Volw.) | TNBC, irresectabel of m, >= 3de lijn, mono (Volw.) | TNBC, irresectabel, LA of m, geen eerdere systemische behandeling, niet in aanmerking voor PD-1 of PD-L1 remmers (Volw.);concept;;
mamma;L01BC05;gemcitabine;613086;lymfoom, nsclc;BC, HER2+, >= 2e lijn, combi met trastuzumab (Volw.) | BC, irresectabel, lokaal recidief of m, combi met paclitaxel (Volw.) | TNBC, irresectabel, LA of m, CPS >=10, combi met pembrolizumab (Volw.);concept;;CAN Kanker o.b.v. add-on
mamma;L01CD02;docetaxel;503927;nsclc, prostaat;BC, HER2+, >= 2e lijn, combi met trastuzumab (Volw.) | BC, LA of m, 1e lijn, combi met doxorubicine (Volw.) | BC, LA of m, >= 2e lijn, combi met capecitabine (Volw.) | BC, LA of m, >= 2e lijn, mono  (Volw.) | BC, combi met cyclofosfamide, adjuvant | BC, irresectabel, LA of m, HER2+, combi met pertuzumab en trastuzumab (Volw.) | … (+5);concept;;CAN Kanker o.b.v. add-on
mamma;L01XA01;cisplatine;209316;lymfoom, nsclc;TNBC (Volw.);concept;;CAN Kanker o.b.v. add-on
mamma;L01CA04;vinorelbine;185273;lymfoom, nsclc;BC, Adv, mono of combi (Volw.) | BC, m, HER2+, combi met trastuzumab (Volw.) | BC, m, stadium 4, mono (Volw.);concept;;CAN Kanker o.b.v. add-on
mamma;L01CA01;vinblastine;163671;lymfoom, rcc;BC, recidief of m, mono of combi;concept;;CAN Kanker o.b.v. add-on
mamma;L01XK04;talazoparib;133475;prostaat;BC, LA of m, BRCA1/2 +, HER2-, na anthracycline en/of taxaan, én indien ER+, na endocriene therapie, mono (Volw.);concept;;CAN Kanker o.b.v. add-on
mamma;L01AA03;melfalan;104448;melanoom, myeloom;BC, mono of combi (Volw.);concept;;CAN Kanker o.b.v. add-on
mamma;L01DB03;epirubicine;69397;;BC (Volw.);concept;;CAN Kanker o.b.v. add-on
mamma;L01EH01;lapatinib;33508;;BC, Adv of m, HER2+, >= 2e lijn, combi met capcecitabine (Volw.) | BC, m, HR+, HER2+, postmenopauzaal, combi met anastrozol, exemestaan of letrozol (Volw. Vrouw) | BC, m, HR-, HER2+, combi met trastuzumab (Volw.);concept;;CAN Kanker o.b.v. add-on
mamma;L01DB07;mitoxantron;15256;lymfoom, ms, prostaat;BC, m;concept;;CAN Kanker o.b.v. add-on
melanoom;L01FF02;pembrolizumab;261771353;crc, lymfoom, mamma, nsclc, rcc;Melanoom, Adv, m of irresectabel, mono (Kind 12-18 jaar) | Melanoom, Adv, m of irresectabel, mono (Volw.) | Melanoom, stadium IIB/IIC na complete resectie, mono, adjuvant (Kind 12-18 jaar) | Melanoom, stadium IIB/IIC na complete resectie, mono, adjuvant (Volw.) | Melanoom, stadium III na complete resectie, mono, adjuvant (Kind 12-18 jaar) | Melanoom, stadium III na complete resectie, mono, adjuvant (Volw.) | … (+1);concept;;CAN Kanker o.b.v. add-on
melanoom;L01FF01;nivolumab;83659759;crc, lymfoom, nsclc, rcc;Cutaan melanoom stadium 3b-d, neoadjuvant, combi met ipilimumab (Volw. en Kind 16-18 jaar) | Geresecteerd cutaan melanoom stadium 3b-d, nonMPR na neoadjuvante behandeling, adjuvant, (Volw. en Kind 16-18 jaar) | Melanoom stadium IIB/IIC, mono, adjuvant (Kind 12-18 jaar) | Melanoom stadium IIB/IIC, mono, adjuvant (Volw.) | Melanoom, Adv, irresectabel of m, combi met ipilimumab (Kind 12-18 jaar) | Melanoom, Adv, irresectabel of m, combi met ipilimumab (Volw.) | … (+4);concept;;CAN Kanker o.b.v. add-on
melanoom;L01FX04;ipilimumab;51049873;crc, nsclc, rcc;Cutaan melanoom stadium 3b-d, neoadjuvant, combi met nivolumab (Volw. en Kind 16-18 jaar) | Melanoom, Adv, irresectabel of m, combi met nivolumab (Kind 12-18 jaar) | Melanoom, Adv, irresectabel of m, combi met nivolumab (Volw.) | Melanoom, Adv, irresectabel of m, mono (Volw. en Kind 12-18 jaar);concept;;CAN Kanker o.b.v. add-on
melanoom;L01EE01;trametinib;20928785;nsclc;Melanoom, BRAF V600+, combi met dabrafenib, adjuvant (Adolescent 12-18 jaar) | Melanoom, BRAF V600+, combi met dabrafenib, adjuvant (Volw.) | Melanoom, irresectabel of m, BRAF V600+, mono of combi met dabrafenib (Adolescent 12-18 jaar) | Melanoom, irresectabel of m, BRAF V600+, mono of combi met dabrafenib (Volw.) | Melanoom, stadium IIIA (lymfekliermetast > 1mm), IIIB, IIIC, BRAF V600E/K, ECOG 0-1, combi met dabrafenib, adj. (Volw.);concept;;CAN Kanker o.b.v. add-on
melanoom;L01EC02;dabrafenib;20213921;nsclc;Melanoom, BRAF V600+, combi met trametinib, adjuvant (Adolescent 12-18 jaar) | Melanoom, BRAF V600+, combi met trametinib, adjuvant (Volw.) | Melanoom, irresectabel of m, BRAF V600+, mono of combi met trametinib (Adolescent 12-18 jaar) | Melanoom, irresectabel of m, BRAF V600+, mono of combi met trametinib (Volw.) | Melanoom, stadium IIIA (lymfekliermetast > 1mm), IIIB, IIIC, BRAF V600E/K, ECOG 0-1, combi met trametinib, adj. (Volw.);concept;;CAN Kanker o.b.v. add-on
melanoom;L01EC03;encorafenib;19268141;crc, nsclc;Melanoom, irresectabel of m, BRAF V600+, combi met binimetinib (Volw.);concept;;CAN Kanker o.b.v. add-on
melanoom;L01EE03;binimetinib;11777781;nsclc;Melanoom, irresectabel of m, BRAF V600+, combi met encorafenib (Volw.);concept;;CAN Kanker o.b.v. add-on
melanoom;L01CD01;paclitaxel;4244393;mamma, nsclc;Melanoom, irresectabel of m, 2e lijn, combi met carbolatine (Volw.);concept;;CAN Kanker o.b.v. add-on
melanoom;L01XL02;talimogeen laherparepvec;4060112;;Melanoom, irresectabel of m (Volw.);concept;;CAN Kanker o.b.v. add-on
melanoom;L01EA01;imatinib;1375450;;Melanoom, cKIT+ (Volw.);concept;;CAN Kanker o.b.v. add-on
melanoom;L01AA01;cyclofosfamide;1097559;lymfoom, mamma, myeloom;Melanoom, m of irresectabel st 3C, combi met fludarabine bij TIL behandeling (Volw. 18-75 jaar);concept;;CAN Kanker o.b.v. add-on
melanoom;L01AX03;temozolomide;596080;lymfoom;Melanoom, irresectabel of m, 2e lijn (Volw.);concept;;CAN Kanker o.b.v. add-on
melanoom;L01BB05;fludarabine;537661;lymfoom;Melanoom, m of irresectabel st 3C, combi met cylofosfamide bij TIL behandeling (Volw. 18-75 jaar);concept;;CAN Kanker o.b.v. add-on
melanoom;L01EC01;vemurafenib;260173;;Melanoom, irresectabel of m, BRAF V600+  mono | Melanoom, irresectabel of m, BRAF V600+, combi met cobimetinib (Volw.);concept;;CAN Kanker o.b.v. add-on
melanoom;L01EE02;cobimetinib;143597;;Melanoom, irresectabel of m, BRAF V600+, combi met vemurafenib (Volw.);concept;;CAN Kanker o.b.v. add-on
melanoom;L01AA03;melfalan;104448;mamma, myeloom;Melanoom, gelokaliseerd, extremiteiten, mono of combi (Volw.);concept;;CAN Kanker o.b.v. add-on
melanoom;L01AD02;lomustine;102948;lymfoom, myeloom;Melanoom, kwaadaardig;concept;;CAN Kanker o.b.v. add-on
melanoom;L01XX75;tebentafusp;0;;Uveamelanoom, irresectabel of m, HLA-A*02:01 positief,mono (Volw.);concept;"uveamelanoom; mogelijk onder oogheelkunde of andere diagnosecode geregistreerd";
ms;J06BA02;immunoglobuline, normaal, intravasculair;91683262;;MS, 2e lijn (Kind 0-18 jaar) | MS, relapse remitting, post partum (Volw.);uitgesloten;"IVIG wordt vooral bij immuundeficiëntie en andere neurologische indicaties gebruikt; volledig toerekenen aan MS vertekent het cluster. Eventueel eigen cluster.";IMM Immunoglobuline o.b.v. add-on
ms;L04AG08;ocrelizumab;88098295;;MS, actief relapsing (Volw.) | MS, vroeg primair progressief (Volw.);concept;;
ms;M03AX01;botuline toxine;18396350;;Urine-incontinentie, na ruggenmergletsel of MS, bij CIC (Volw.) | Urine-incontinentie, na subcervicaal ruggenmergletsel of MS (Volw.);uitgesloten;indicatie is urine-incontinentie/spasticiteit bij MS, geen MS-behandeling;
ms;L04AG03;natalizumab;15143368;;MS, Relapse-Remitting (Volw.) | MS, Relapse-Remitting, mono (Kind 5-18 jaar) | MS, Relapse-Remitting, na 1 DMT (Volw.) | MS, zeer actief, 1e lijn, mono (Kind 5-18 jaar);concept;;
ms;L01FA01;rituximab;13567850;lymfoom, ra;MS, actief relapsing (Volw.) | MS, vroeg primair progressief (Volw.);concept;"gedeeld met RA en lymfoom; bij MS off-label-achtig, wel in Farmatec";CAN Kanker o.b.v. add-on
ms;L04AG06;alemtuzumab;556276;;MS, Relapse-Remitting (Volw.) | MS, Relapse-Remitting, na 1 DMT (Volw.);concept;;
ms;L04AE02;ozanimod;423271;cu;MS, Relapse-Remitting (Volw.);concept;;RMS Aandoeningen hersenen/ruggenmerg: multiple sclerose
ms;L01DB07;mitoxantron;15256;lymfoom, mamma, prostaat;MS (Volw.) | MS, snel ontwikkelende beperkingen;concept;;CAN Kanker o.b.v. add-on
ms;L04AG12;ofatumumab;0;;MS, actief relapsing (Volw.);concept;;RMS Aandoeningen hersenen/ruggenmerg: multiple sclerose
ms;L04AG14;ublituximab;0;;MS, actief relapsing (Volw.);concept;;
myeloom;L01FC01;daratumumab;225574576;;MM, 2e lijn, combi met dexamethason en bortezomib of lenalidomide (Volw.) | MM, >= 2e lijn, combi met dexamethason en carfilzomib (Volw.) | MM, >= 2e lijn, eerder behandeld met lenalidomide en proteasoomremmer, combi met pomalidomide en dexamethason (Volw.) | Nieuw gediagnosticeerd MM, combi met bortezomib, lenalidomide, dexamethason (Volw.) | Nieuw gediagnosticeerd MM, in aanmerking voor autologe HSCT, combi met bortezomib, lenalidomide, dexamethason (Volw.) | Nieuw gediagnosticeerd MM, in aanmerking voor autologe HSCT, combi met bortezomib, thalidomide en dexamethason (Volw.) | … (+4);concept;;CAN Kanker o.b.v. add-on
myeloom;L04AX06;pomalidomide;23441094;;MM, >= 2e lijn, eerder behandeld met lenalidomide en proteasoomremmer, combi met daratumumab en dexamethason (Volw.) | MM, >= 2e lijn, eerder behandeld met lenalidomine, combi met bortezomib en dexamethason (Volw.) | MM, >= 3e lijn, eerder behandeld met lenalidomide en proteasoomremmer, combi met elotuzumab en dexamethason (Volw.) | MM, >= 3e lijn, eerder behandeld met lenalidomide en proteasoomremmer, combi met isatuximab en dexamethason (Volw.) | MM, >= 3e lijn, eerder behandeld met lenalidomide en proteasoomremmer, niet refract op daratumumab, combi isatuxim+dexam | Recidief en therapieresistent MM, >= 3e lijn, combi met dexamethason (Volw.);concept;;CAN Kanker o.b.v. add-on
myeloom;L01XG02;carfilzomib;18629533;;MM, 1e lijn, combi met thalidomide en dexamethason (Volw.) | MM, >= 2e lijn, combi (Volw.) | MM, >= 2e lijn, combi met daratumumab en dexamethason (Volw.) | MM, >= 2e lijn, combi met dexamethason en isatuximab (Volw.);concept;;CAN Kanker o.b.v. add-on
myeloom;L01FC02;isatuximab;2974507;;MM, >= 2e lijn, combi met dexamethason en carfilzomib (Volw.) | MM, >= 3e lijn, eerder behandeld met lenalidomide en proteasoomremmer, combi met pomalidomide en dexamethason (Volw.) | MM, >= 3e lijn, eerder behandeld met lenalidomide en proteasoomremmer, niet refract op daratumumab, combi pomalido+dexam | Nieuw gediagnosticeerd MM, in aanmerking voor autologe HSCT, combi met bortezomib, lenalidomide, dexamethason (Volw.) | Nieuw gediagnosticeerd MM, niet in aanmerking voor autologe HSCT, combi bortezomib, lenalidomide, dexamethason (Volw.);concept;;CAN Kanker o.b.v. add-on
myeloom;L01XG03;ixazomib;2417481;;MM, >= 2e lijn, combi met lenalidomide en dexamethason (Volw.);concept;;CAN Kanker o.b.v. add-on
myeloom;L01FX08;elotuzumab;2107335;;MM, >= 2e lijn, combi met lenalidomide en dexamethason (Volw.) | MM, >= 3e lijn, eerder behandeld met lenalidomide en proteasoomremmer, combi met pomalidomide en dexamethason (Volw.);concept;;CAN Kanker o.b.v. add-on
myeloom;L01DB01;doxorubicine;1525850;lymfoom, mamma;Progressief MM, >= 2e lijn (Volw.) | Progressief MM, >= 2e lijn, combi met bortezomib (Volw.);concept;;CAN Kanker o.b.v. add-on
myeloom;L04AX04;lenalidomide;1465326;lymfoom;Eerder onbehandeld MM, niet in aanmerking voor HSCT, 1e lijn, combi met melfalan en prednison (Volw.) | MM, >= 2e lijn, combi met cyclofosfamide en prednison (Volw.) | MM, >= 2e lijn, combi met daratumumab en dexamethason (Volw.) | MM, >= 2e lijn, combi met dexamethason (Volw.) | MM, >= 2e lijn, combi met dexamethason en carfilzomib (Volw.) | MM, >= 2e lijn, combi met elotuzumab of ixazomib en dexamethason (Volw.) | … (+8);concept;;CAN Kanker o.b.v. add-on
myeloom;L01AA01;cyclofosfamide;1097559;lymfoom, mamma, melanoom;HL, NHL of MM, combi (Volw. en Kind 0-18 jaar);concept;algemeen cytostaticum, gedeeld met lymfoom, mamma en melanoom;CAN Kanker o.b.v. add-on
myeloom;L01XG01;bortezomib;780109;lymfoom;Eerder onbehandeld MM, niet in aanmerking voor HSCT, 1e lijn, combi met lenalidomide en dexamethason (Volw.) | HL, NHL of MM, combi met cyclofosfamide (Volw.) | MM, 1e lijn, niet in aanmerking voor HSCT, combi met melfalan en prednison (Volw.) | MM, >= 2e lijn, combi met daratumumab en dexamethason (Volw.) | MM, >= 2e lijn, eerder behandeld met lenalidomine, combi met pomalidomide en dexamethason (Volw.) | MM, in aanmerking voor HSCT, 1e lijn, combi inductie (Volw.) | … (+8);concept;;CAN Kanker o.b.v. add-on
myeloom;L01CA02;vincristine;282421;lymfoom;HL, NHL of MM, combi met cyclofosfamide (Volw.) | MM, mono of combi;concept;;CAN Kanker o.b.v. add-on
myeloom;L01AA09;bendamustine;239392;lymfoom;MM, Durie-Salmon stadium II, niet in aanmerking voor HSCT, 1e lijn (Volw. > 65 jaar);concept;;CAN Kanker o.b.v. add-on
myeloom;L01AA03;melfalan;104448;mamma, melanoom;Eerder onbehandeld MM, niet in aanmerking voor HSCT, 1e lijn, combi met lenalidomide en prednison (Volw.) | MM (Volw.) | MM, hoge IV dosering (Volw.) | MM, met of zonder HSCT, mono of combi hoge IV dosering (Volw.) | MM, mono of combi conventionele IV dosering (Volw.);concept;;CAN Kanker o.b.v. add-on
myeloom;L01AD02;lomustine;102948;lymfoom, melanoom;Myeloom;concept;;CAN Kanker o.b.v. add-on
myeloom;L01FX24;teclistamab;0;;Recidief en therapieresistent MM, >= 4e lijn, mono (Volw.);concept;;
myeloom;L01FX29;talquetamab;0;;Recidief en therapieresistent MM, >= 4e lijn, mono (Volw.);concept;;
myeloom;L01FX32;elranatamab;0;;Recidief en therapieresistent MM, >= 4e lijn, mono (Volw.);concept;;
myeloom;L01XH03;panobinostat;0;;Recidief en/of therapieresistent MM, >= 3e lijn, combi met bortezomib en dexamethason (Volw.);concept;;CAN Kanker o.b.v. add-on
myeloom;L01XL05;ciltacabtageen autoleucel;0;;Recidief en therapieresistent MM, >= 2e lijn, refractair voor lenalidomide (Volw.);concept;;
nsclc;L01FF02;pembrolizumab;261771353;crc, lymfoom, mamma, melanoom, rcc;NSCLC, LA of m, EGFR+, PD-L1+, >= 2e lijn, mono (Volw.) | NSCLC, adjuvant, na volledige resectie, na platinumbevatt chemo, hoog risico op recidief, mono (Volw.) | NSCLC, m, 1e lijn, combi met carboplatine en paclitaxel of nab-paclitaxel (Volw.) | NSCLC, m, ALK-, PD-L1+, EGFR-, 1e lijn, mono (Volw.) | NSCLC, m, EGFR- ALK-, 1e lijn, combi met pemetrexed (Volw.) | NSCLC, resectabel, hoog risico op recidief en PD-L1 < 1%, neoadjuvant combi met platina chemo (Volw.) | … (+2);concept;;CAN Kanker o.b.v. add-on
nsclc;L01FF01;nivolumab;83659759;crc, lymfoom, melanoom, rcc;NSCLC, LA of m, >= 2e lijn, mono (Volw.) | NSCLC, high-risk, PD-L1 >= 1%, neoadjuvant, combi met cisplatine of carboplatine (Volw.) | NSCLC, m, EGFR-, ALK-, 1e lijn, combi met ipilimumab en 2 cycli platina (Volw.) | NSCLC, operabel, high-risk, PD-L1 >= 1%, adjuvant, na combi platina chemo als neoadjuvant, mono (Volw.);concept;;CAN Kanker o.b.v. add-on
nsclc;L01EB04;osimertinib;72646489;;NSCLC, Adv, EGFR exon-19del of exon-21mut, 1e lijn, combi met pemetrexed en platinumbevattende chemo (Volw.) | NSCLC, LA of m, EGFR T790M+, mono (Volw.) | NSCLC, LA of m, EGFR+, 1e lijn, mono (Volw.) | NSCLC, LA, irresectabel, EGFR exon-19del of exon-21mut, geen progressie na chemo, mono (Volw.) | NSCLC, stadium IB-IIIA, EGFR exon-19del of exon-21mut, na resectie, mono, adjuvant (Volw.) | NSCLC, stadium IB-IIIA, EGFR exon-19del of exon-21mut, na resectie, mono, adjuvant , behandeling max. 3 jaar (Volw.);concept;;CAN Kanker o.b.v. add-on
nsclc;L01FX04;ipilimumab;51049873;crc, melanoom, rcc;NSCLC, m, EGFR-, ALK-, 1e lijn, combi met nivolumab en 2 cycli platina (Volw.);concept;;CAN Kanker o.b.v. add-on
nsclc;L01FF03;durvalumab;50626399;;NSCLC , m, EGFR- ALK-, 1e lijn, combi tremelimumab en platina chemo (Volw.) | NSCLC, LA of irresectabel, PD-L1 >=1%, >= 2e lijn, mono (Volw.) | NSCLC, operabel, hoog risico op recidief, EFGR-, ALK-, adjuvant, na combi platina chemo als neoadjuvant, mono (Volw.) | NSCLC, stadium III irresectabel, LA, ECOG 0-1, na chemoradiatie, mono (Volw.);concept;;CAN Kanker o.b.v. add-on
nsclc;L01EE01;trametinib;20928785;melanoom;NSCLC, Adv, BRAF V600+, combi met dabrafenib (Volw.);concept;;CAN Kanker o.b.v. add-on
nsclc;L01EC02;dabrafenib;20213921;melanoom;NSCLC, Adv, BRAF V600+, combi met trametinib (Volw.);concept;;CAN Kanker o.b.v. add-on
nsclc;L01EC03;encorafenib;19268141;crc, melanoom;NSCLC, Adv, BRAF V600E+, combi met binimetinib (Volw.);concept;;CAN Kanker o.b.v. add-on
nsclc;L01ED03;alectinib;15230288;;NSCLC, ALK+, Adv, 1e lijn, mono (Volw.) | NSCLC, ALK+, adjuvant, na volledige resectie, hoog risico op recidief, mono (Volw.) | NSCLC, Adv, ALK+, na crizotinib, mono (Volw.);concept;;CAN Kanker o.b.v. add-on
nsclc;L01FG01;bevacizumab;13130894;crc, mamma, oog, rcc;NSCLC, irresectabel, Adv, m of recidief, niet plaveiselcel, 1e lijn, combi met erlotinib (Volw.) | NSCLC, irresectabel, m, recidief of Adv, 1e lijn, combi met carboplatine en paclitaxel (PS 0-1) (Volw.) | NSCLC, m, Adv of recidief, irresectabel, niet overwegend plaveiselcel, 1e lijn, combi (Volw.) | NSCLC, m, niet plaveiselcel, 1e lijn, combi met atezolizumab, paclitaxel en carboplatine (Volw.);concept;;CAN Kanker o.b.v. add-on / MAC Maculadegeneratie o.b.v. add-on
nsclc;L01EE03;binimetinib;11777781;melanoom;NSCLC, Adv, BRAF V600E+, combi met encorafenib (Volw.);concept;;CAN Kanker o.b.v. add-on
nsclc;L01FF05;atezolizumab;8718544;mamma;NSCLC, Adv, 1e lijn, indien niet in aanmerking voor platina-chemo, mono (Volw.) | NSCLC, LA of m, >= 2e lijn, mono (Volw.) | NSCLC, adjuv, na voll resectie en chemo, hoog risico stadium IIIA, PD-L1 >= 50%, EFGR-, ALK-, mono (Volw.) | NSCLC, adjuv, na volledige resectie, na platinumbevatt chemo, hoog risico op recidief, PD-L1+, EFGR-, ALK-, mono (Volw.) | NSCLC, m, ALK-, PD-L1+ of IC+, EGFR-, 1e lijn, mono (Volw.) | NSCLC, m, niet plaveiselcel, 1e lijn, combi met bevacizumab, paclitaxel en carboplatine (Volw.) | … (+1);concept;;CAN Kanker o.b.v. add-on
nsclc;L01FD04;trastuzumab deruxtecan;7660933;mamma;NSCLC, Adv, HER2-mut, na platina-bevattende chemo met/zonder immunotherapie, mono (Volw.);concept;;
nsclc;L01FG02;ramucirumab;7574654;crc;NSCLC, LA of m, >= 2e lijn, combi met docetaxel (Volw.) | NSCLC, m, 1e lijn, combi met erlotinib (Volw.);concept;;CAN Kanker o.b.v. add-on
nsclc;L01FF06;cemiplimab;7370082;;NSCLC, LA of m, PD-L1 TPS>=1%, EGFR-, ALK-, ROS1-, 1e lijn, geen kandidaat chemo(radio)therapie, combi cisplatine (Volw) | NSCLC, LA of m, PD-L1 TPS>=50%, EGFR-, ALK-, ROS1-, 1e lijn, geen kandidaat voor chemo(radio)therapie, mono (Volw.);concept;;CAN Kanker o.b.v. add-on
nsclc;L01EX22;selpercatinib;6045713;;NSCLC, RET+, Adv, 1e lijn, mono (Volw.) | NSCLC, RET+, Adv, na immuno en/of platina-bevattende chemotherapie, DRUG-Access Protocol, mono (Volw.);concept;;CAN Kanker o.b.v. add-on
nsclc;L01CD01;paclitaxel;4244393;mamma, melanoom;NSCLC, 1e lijn, combi met carboplatine (Volw.) | NSCLC, combi met cisplatine (Volw.) | NSCLC, high-risk, PD-L1 >= 1%, neoadjuvant, combi met nivolumab (Volw.) | NSCLC, irresectabel, Adv, m of recidief, 1e lijn, combi met carboplatine en bevacizumab  (PS 0-1) (Volw.) | NSCLC, irresectabel, Adv, m of recidief, niet overwegend plaveisel, 1e lijn, combi met bevacizumab (Volw.) | NSCLC, m, 1e lijn, combi met carboplatine en pembrolizumab (Volw.) | … (+3);concept;;CAN Kanker o.b.v. add-on
nsclc;L01BA04;pemetrexed;3578800;;NSCLC, Adv, 1e lijn, exon 20 inserties, combi met amivantamab en carboplatine (Volw.) | NSCLC, Adv, EGFR exon-19del of exon-21mut, 1e lijn, combi met osimertinib en platinumbevattende chemo (Volw.) | NSCLC, Adv, EGFR exon-19del of exon-21mut, na falen van o.a. TKI, combi met carboplatine en amivantamab (Volw.) | NSCLC, LA of m, 1e lijn, niet overwegend plaveiselcel, combi met cisplatine (Volw.) | NSCLC, LA of m, 2e lijn, mono (Volw.) | NSCLC, LA of m, EGFR-, ALK-, ROS1-, 1e lijn, geen kandidaat CCRT of chir, combi serplulimab en carboplatine (Volw) | … (+6);concept;;CAN Kanker o.b.v. add-on
nsclc;L01ED05;lorlatinib;3431758;;NSCLC, Adv of m, ALK+, na alectinib of ceritinib, mono (Volw.) | NSCLC, Adv of m, ALK+, na crizotinib met ALK-TKI, mono (Volw.) | NSCLC, Adv of m, ALK+, niet eerder behandeld met een ALK-remmer, mono (Volw.);concept;;CAN Kanker o.b.v. add-on
nsclc;L01EP02;tepotinib;1501811;;NSCLC, METex14-skipping,  na immuno en/of platina-bevattende chemotherapie, mono (Volw.) | NSCLC, METex14-skipping, na immuno en/of platina-bevattende chemotherapie,  DRUG-Access Protocol, mono (Volw.);concept;;
nsclc;L01DC03;mitomycine;1437220;mamma;NSCLC, combi intraveneus (Volw.);concept;;CAN Kanker o.b.v. add-on
nsclc;L01EB03;afatinib;1434700;;NSCLC, LA of m, EGFR+, mono (Volw.) | NSCLC, LA of m, plaveiselcel, >= 2e lijn, mono (Volw.);concept;;CAN Kanker o.b.v. add-on
nsclc;L01ED01;crizotinib;1403857;;NSCLC, Adv of m, ALK+, 1e lijn, mono (Volw.) | NSCLC, Adv of m, ALK+, mono (Volw.) | NSCLC, Adv of m, ROS1+, mono (Volw.);concept;;CAN Kanker o.b.v. add-on
nsclc;L01XA03;oxaliplatine;1350884;crc, lymfoom;NSCLC, irresectabel, Adv, m of recidief, niet overwegend plaveisel, 1e lijn, combi met bevacizumab (Volw.) | NSCLC, m, EGFR- ALK-, 1e lijn, combi met pemetrexed en pembrolizumab (Volw.);concept;;CAN Kanker o.b.v. add-on
nsclc;L01ED04;brigatinib;771826;;NSCLC, Adv, ALK+, mono (Volw.) | NSCLC, Adv, ALK+, na crizotinib, mono (Volw.);concept;;CAN Kanker o.b.v. add-on
nsclc;L01BC05;gemcitabine;613086;lymfoom, mamma;NSCLC, LA of m, 1e lijn, mono of combi met carboplatine (Volw.) | NSCLC, LA of m, 1e lijn, mono of combi met cisplatine (Volw.) | NSCLC, high-risk, PD-L1 >= 1%, neoadjuvant, combi met nivolumab (Volw.) | NSCLC, resectabel, hoog risico op recidief, neoadjuvant, combi met pembrolizumab en cisplatine (Volw.) | NSCLC, stadium I of II, na resectie, combi met cisplatine of carboplatine adjuvant (Volw.);concept;;CAN Kanker o.b.v. add-on
nsclc;L01FX18;amivantamab;598858;;NSCLC, Adv, 1e lijn, exon 20 inserties, combi met carboplatine en pemetrexed (Volw.) | NSCLC, Adv, EGFR exon-19del of exon-21mut, 1e lijn, combi met lazertinib (Volw.) | NSCLC, Adv, EGFR exon-19del of exon-21mut, na falen van o.a. TKI, combi met carboplatine en pemetrexed (Volw.) | NSCLC, Adv, exon 20 inserties, DRUG-Access Protocol, mono (Volw.) | NSCLC, Adv, exon 20 inserties, mono (Volw.);concept;;CAN Kanker o.b.v. add-on
nsclc;L01CB01;etoposide;556852;lymfoom;NSCLC, Adv of m, mono of combi;concept;;CAN Kanker o.b.v. add-on
nsclc;L01CD02;docetaxel;503927;mamma, prostaat;NSCLC, LA of m, >= 2e lijn (Volw.) | NSCLC, LA of m, >= 2e lijn, combi met ramucirumab (Volw.) | NSCLC, irresectabel, LA of m, 1e lijn, combi met carboplatine (Volw.) | NSCLC, irresectabel, LA of m, 1e lijn, combi met cisplatine (Volw.);concept;;CAN Kanker o.b.v. add-on
nsclc;L01XA01;cisplatine;209316;lymfoom, mamma;NSCLC , m, EGFR- ALK-, 1e lijn, combi durvalumab en tremelimumab (Volw.) | NSCLC, Adv of m, mono of combi | NSCLC, LA of m, PD-L1 TPS>=1%, EGFR-, ALK-, ROS1-, 1e lijn, geen kandidaat chemo(radio)therap, combi cemiplimab (Volw.) | NSCLC, high-risk, PD-L1 >= 1%, neoadjuvant, combi met nivolumab (Volw.) | NSCLC, resectabel, hoog risico op recidief, neoadjuvant, combi met pembrolizumab en gemcitabine of pemetrexed (Volw.);concept;;CAN Kanker o.b.v. add-on
nsclc;L01CA04;vinorelbine;185273;lymfoom, mamma;NSCLC, Adv, mono of combi (Volw.) | NSCLC, LA of m, combi met carboplatine (Volw.) | NSCLC, adjuvant, combi met platinumbevattende chemo (Volw.) | NSCLC, stadium II of IIA, na volledige resectie, combi met carboplatine adjuvant (Volw.) | NSCLC, stadium III of IV (Volw.);concept;;CAN Kanker o.b.v. add-on
nsclc;L01EB02;erlotinib;172446;;NSCLC, LA of m, >= 2e lijn (Volw.) | NSCLC, LA of m, EGFR+, 1e lijn (Volw.) | NSCLC, LA of m, EGFR+, switch maintenance onderhoudsbehandeling (Volw.) | NSCLC, m, 1e lijn, combi met ramucirumab (Volw.);concept;;CAN Kanker o.b.v. add-on
nsclc;L01ED02;ceritinib;120987;;NSCLC, ALK+, Adv, 1e lijn, mono (Volw.) | NSCLC, Adv, ALK+, na crizotinib, mono (Volw.);concept;;CAN Kanker o.b.v. add-on
nsclc;L01EX14;entrectinib;91380;;NSCLC, Adv, ROS1+, mono (Volw.);concept;;CAN Kanker o.b.v. add-on
nsclc;L01EB01;gefitinib;42199;;NSCLC, LA of m, EGFR-TK+, mono (Volw.);concept;;CAN Kanker o.b.v. add-on
nsclc;L01EB07;dacomitinib;8280;;NSCLC, LA of m, EGFR+, 1e lijn, mono (Volw.);concept;;CAN Kanker o.b.v. add-on
nsclc;L01EX09;nintedanib;0;;NSCLC, LA, m of recidief, adenoomhistologie, >= 2e lijn, combi met docetaxel (Volw.);concept;;CAN Kanker o.b.v. add-on
nsclc;L01FF12;serplulimab;0;;NSCLC, LA of m, EGFR-, ALK-, ROS1-, 1e lijn, geen kandidaat CCRT of chir, combi carboplatine en pemetrexed (Volw.) | NSCLC, squameus, irresectabel, LA of m, 1e lijn, combi met carboplatine en nab-paclitaxel (Volw.);concept;;
oog;S01LA05;aflibercept;119338636;;CNV bij myopie (Volw.) | DME (Volw.) | Macula-oedeem door BRVO of CRVO (Volw.) | Macula-oedeem door HRVO (Volw.) | Macula-oedeem, off label (Volw.) | nLMD (Volw.);concept;;MAC Maculadegeneratie o.b.v. add-on
oog;S01LA04;ranibizumab;15861211;;CNV (Volw.) | DME (Volw.) | Macula-oedeem door BRVO of CRVO (Volw.) | Macula-oedeem, off label (Volw.) | nLMD (Volw.);concept;;MAC Maculadegeneratie o.b.v. add-on
oog;L01FG01;bevacizumab;13130894;crc, mamma, nsclc, rcc;Macula-oedeem (Volw.) | nLMD (Volw.);concept;"bevacizumab intravitreaal is een klein deel; hoofdgebruik is oncologie";CAN Kanker o.b.v. add-on / MAC Maculadegeneratie o.b.v. add-on
oog;S01LA09;faricimab;8990254;;DME (Volw.) | Macula-oedeem door BRVO of CRVO (Volw.) | nLMD (Volw.);concept;;MAC Maculadegeneratie o.b.v. add-on
oog;S01BA01;dexamethason;3517956;;DME bij contra-indicatie of onvoldoende respons niet steroid-houdende medicatie (Volw.) | Macula-oedeem door BRVO of CRVO (Volw.);concept;;MAC Maculadegeneratie o.b.v. add-on
oog;S01LA01;verteporfine;501905;;Subfoveale CNV bij myopie (Volw.) | nLMD met subfoveaal CNV (Volw.);concept;;MAC Maculadegeneratie o.b.v. add-on
oog;S01BA15;fluocinolonacetonide;478240;;DME, chronisch, bij onvoldoende respons op beschikbare behandelingen (Volw.);concept;;MAC Maculadegeneratie o.b.v. add-on
oog;S01LA06;brolucizumab;374911;;DME (Volw.) | nLMD (Volw.);concept;;MAC Maculadegeneratie o.b.v. add-on
prostaat;L02BB04;enzalutamide;39998590;;CRPC, m, HRR-deficient, combi met talazoparib (Volw.) | CRPC, m, combi met talazoparib (Volw.) | CRPC, m, na ADT, voor chemo (Volw. Man) | CRPC, m, na chemo (Volw. Man) | HSPC, m, combi met ADT (Volw. Man) | Laag-volume HSPC, m, combi met ADT, MDO afstemming (Volw. Man);concept;;CAN Kanker o.b.v. add-on
prostaat;L01XK01;olaparib;19504220;mamma;CRPC, m, BRCA1/2+, eerder behandeld met nieuw hormonaal middel, mono (Volw.) | CRPC, m, voor chemo, combi met abirateron en prednison of prednisolon (Volw.);concept;;CAN Kanker o.b.v. add-on
prostaat;L02BX03;abirateron;12070132;;CRPC, m, na chemo, combi met prednison of prednisolon (Volw. Man) | CRPC, m, voor chemo, combi met olaparib en prednison of prednisolon (Volw.) | CRPC, m, voor chemo, combi met prednison of prednisolon (Volw. Man) | HSPC, m, combi met prednison of prednisolon, ADT met of zonder docetaxel (Volw. Man) | HSPC, nieuw gediagnostiseerd, high-risk en m, combi met prednison of prednisolon en ADT (Volw. Man) | HSPC, nieuw gediagnostiseerd, m, combi met prednison of prednisolon en ADT (Volw. Man);concept;;CAN Kanker o.b.v. add-on
prostaat;V10XX;diverse radiofarmaca voor therapie;8340246;;Apotheekbereiding: CRPC, m, bij afwezigheid van een betere therapeutische optie (Volw. Man);concept;;CAN Kanker o.b.v. add-on
prostaat;V10XX03;radium 223 ra dichloride;7054127;;CRPC, m, symptomatische botmetastasen, mono of combi met LHRH-analoog (Volw.);concept;;CAN Kanker o.b.v. add-on
prostaat;L02BB05;apalutamide;4075797;;HSPC, m, combi met ADT (Volw. Man) | Laag-volume HSPC, m, combi met ADT, MDO afstemming (Volw. Man);concept;;CAN Kanker o.b.v. add-on
prostaat;L01CD04;cabazitaxel;3563796;;CRPC, m, combi met prednison of prednisolon (Volw.);concept;;CAN Kanker o.b.v. add-on
prostaat;L01CD02;docetaxel;503927;mamma, nsclc;CRPC, m, combi met prednison of prednisolon (Volw.) | HSPC, m, combi met abirateron, prednison of prednisolon en ADT (Volw. Man) | HSPC, m, met of zonder prednison of prednisolon en ADT (Volw. Man);concept;;CAN Kanker o.b.v. add-on
prostaat;L01XK04;talazoparib;133475;mamma;CRPC, m, HRR-deficient, combi met enzalutamide (Volw.) | CRPC, m, combi met enzalutamide (Volw.);concept;;CAN Kanker o.b.v. add-on
prostaat;L01DB07;mitoxantron;15256;lymfoom, mamma, ms;CRPC, Adv, combi met corticosteroïden, palliatief | CRPC, Adv, palliatief;concept;;CAN Kanker o.b.v. add-on
psa;L04AC05;ustekinumab;139058353;crohn, cu, psoriasis;PsA, na DMARD, met MTX of mono (Volw.);concept;;AUT Auto-immuunziekten o.b.v. add-on
psa;L04AB02;infliximab;49240775;axspa, crohn, cu, psoriasis, ra;PsA, na DMARD, combi MTX (Volw.) | PsA, na DMARD, mono (Volw.);concept;;AUT Auto-immuunziekten o.b.v. add-on
psa;L04AB04;adalimumab;44215063;axspa, crohn, cu, psoriasis, ra;PsA (Kind 0-18 jaar) | PsA, na DMARD (Volw.);concept;;AUT Auto-immuunziekten o.b.v. add-on
psa;L04AC10;secukinumab;38056396;axspa, psoriasis;Juveniele PsA, met MTX of mono (Volw. en Kind 6-18 jaar) | PsA, na DMARD, met MTX of mono (Volw.);concept;;AUT Auto-immuunziekten o.b.v. add-on
psa;L04AB01;etanercept;22378748;axspa, crohn, psoriasis, ra;JIA-PsA, na MTX (Kind en Adolescent 12-20 jaar) | PsA, na DMARD (Kind 0-12 jaar) | PsA, na DMARD (Volw.);concept;;AUT Auto-immuunziekten o.b.v. add-on
psa;L04AA24;abatacept;22360573;ra;PsA, na DMARD, met MTX of mono (Volw.);concept;;AUT Auto-immuunziekten o.b.v. add-on
psa;L04AC16;guselkumab;18573815;crohn, cu, psoriasis;PsA, na DMARD, met MTX of mono (Volw.);concept;;AUT Auto-immuunziekten o.b.v. add-on
psa;L04AC13;ixekizumab;17916153;axspa, psoriasis;Juveniele PsA, met MTX of mono (Volw. en Kind 6-18 jaar) (Lichaamsgewicht >= 25 kg) | PsA, na DMARD, met MTX of mono (Volw.);concept;;AUT Auto-immuunziekten o.b.v. add-on
psa;L04AF03;upadacitinib;16910334;axspa, crohn, cu, eczeem, ra;PsA, na DMARD, met MTX of mono (Volw.);concept;;AUT Auto-immuunziekten o.b.v. add-on
psa;L04AC18;risankizumab;16213191;crohn, cu, psoriasis;PsA, na DMARD, met MTX of mono (Volw.);concept;;AUT Auto-immuunziekten o.b.v. add-on
psa;L04AB06;golimumab;14930195;axspa, cu, ra;PsA, na DMARD (Volw.);concept;;AUT Auto-immuunziekten o.b.v. add-on
psa;L04AB05;certolizumab pegol;13427087;axspa, psoriasis, ra;PsA, na DMARD, Met MTX of mono (Volw.);concept;;AUT Auto-immuunziekten o.b.v. add-on
psa;L04AF02;baricitinib;8621167;eczeem, ra;JIA-oligo/poly, enthesitis en juveniele PsA, na DMARD, met MTX of mono (Volw. en Kind 2-18 jaar);concept;;AUT Auto-immuunziekten o.b.v. add-on
psa;L04AF01;tofacitinib;8516377;axspa, cu, ra;JIA-oligo/poly en juveniele PsA, na DMARD, met MTX of mono (Volw. en Kind 2-18 jaar) | PsA, na DMARD, met MTX (Volw.);concept;;AUT Auto-immuunziekten o.b.v. add-on
psa;L04AA32;apremilast;3544025;psoriasis;PsA, na DMARD, met DMARD of mono (Volw.);concept;;AUT Auto-immuunziekten o.b.v. add-on
psa;L04AC21;bimekizumab;2503857;axspa, psoriasis;PsA, na DMARD, met MTX of mono (Volw.);concept;;AUT Auto-immuunziekten o.b.v. add-on
psa;L04AF07;deucravacitinib;21656;psoriasis;PsA, na DMARD, met MTX of mono (Volw.);concept;;
psoriasis;L04AC05;ustekinumab;139058353;crohn, cu, psa;Psoriasis (Kind 0-18 jaar) | Psoriasis, type plaque (Kind 6-18 jaar) (therapieresistent of intolerantie) | Psoriasis, type plaque, chronisch (Volw.) (therapieresistent, intolerantie of contra-indicatie);concept;;AUT Auto-immuunziekten o.b.v. add-on
psoriasis;L04AB02;infliximab;49240775;axspa, crohn, cu, psa, ra;Psoriasis, type plaque (Kind 0-18 jaar) | Psoriasis, type plaque, chronisch (Volw.) (therapieresistent, intolerantie of contra-indicatie) | Psoriasis, type pustulosa (Volw.);concept;;AUT Auto-immuunziekten o.b.v. add-on
psoriasis;L04AB04;adalimumab;44215063;axspa, crohn, cu, psa, ra;Psoriasis (Kind 0-4 jaar) | Psoriasis, type plaque, chronisch  (Kind 4-18 jaar) (therapieresistent of intolerantie) | Psoriasis, type plaque, chronisch (Volw.);concept;;AUT Auto-immuunziekten o.b.v. add-on
psoriasis;L04AC10;secukinumab;38056396;axspa, psa;Psoriasis, type plaque, chronisch (Volw.) | Psoriasis, type plaque, chronisch, (Kind > 6 jaar en Adolescent);concept;;AUT Auto-immuunziekten o.b.v. add-on
psoriasis;L04AB01;etanercept;22378748;axspa, crohn, psa, ra;Psoriasis, type plaque (Kind 0-6 jaar) | Psoriasis, type plaque, chronisch (Kind en Adolescent 6-20 jaar) (therapieresistent of intolerantie) | Psoriasis, type plaque, chronisch (Volw.) (therapieresistent, intolerantie of contra-indicatie);concept;;AUT Auto-immuunziekten o.b.v. add-on
psoriasis;L04AC16;guselkumab;18573815;crohn, cu, psa;Psoriasis, type plaque, chronisch (Volw.) | Psoriasis, type plaque, chronisch, (Kind > 6 jaar en Adolescent);concept;;AUT Auto-immuunziekten o.b.v. add-on
psoriasis;L04AC13;ixekizumab;17916153;axspa, psa;Psoriasis, type plaque (Kind en Adolescent 6-18 jaar) (Lichaamsgewicht >= 25 kg) | Psoriasis, type plaque, chronisch (Volw.);concept;;AUT Auto-immuunziekten o.b.v. add-on
psoriasis;L04AC18;risankizumab;16213191;crohn, cu, psa;Psoriasis, type plaque, chronisch (Volw.) | Psoriasis, type plaque, chronisch, (Kind > 6 jaar en Adolescent);concept;;AUT Auto-immuunziekten o.b.v. add-on
psoriasis;L04AB05;certolizumab pegol;13427087;axspa, psa, ra;Psoriasis, type plaque, chronisch (Volw.);concept;;AUT Auto-immuunziekten o.b.v. add-on
psoriasis;L04AA32;apremilast;3544025;psa;Psoriasis, type plaque (Kind 6-18 jaar) (Lichaamsgewicht >= 20 kg) | Psoriasis, type plaque, chronisch (Volw.) (therapieresistent, intolerantie of contra-indicatie);concept;;AUT Auto-immuunziekten o.b.v. add-on
psoriasis;L04AC21;bimekizumab;2503857;axspa, psa;Psoriasis, type plaque, chronisch (Volw.);concept;;AUT Auto-immuunziekten o.b.v. add-on
psoriasis;L04AC12;brodalumab;2176428;;Psoriasis, type plaque, chronisch (Volw.);concept;;AUT Auto-immuunziekten o.b.v. add-on
psoriasis;L04AC17;tildrakizumab;1328799;;Psoriasis, type plaque, chronisch (Volw.);concept;;AUT Auto-immuunziekten o.b.v. add-on
psoriasis;L04AF07;deucravacitinib;21656;psa;Psoriasis, type plaque, chronisch (Volw.) | Psoriasis, type plaque, indien systemische therapie gewenst, contra-indicatie 1e lijns conventionele medicatie (Volw.);concept;;
ra;L04AB02;infliximab;49240775;axspa, crohn, cu, psa, psoriasis;RA, na DMARD, met MTX (Volw.) | RA, voor DMARD, met MTX (Volw.);concept;;AUT Auto-immuunziekten o.b.v. add-on
ra;L04AB04;adalimumab;44215063;axspa, crohn, cu, psa, psoriasis;RA, voor of na DMARD, met MTX of mono (Volw.);concept;;AUT Auto-immuunziekten o.b.v. add-on
ra;L04AC07;tocilizumab;30799547;;RA, na DMARD, met MTX of mono (Volw.) | RA, voor DMARD, met MTX of mono (Volw.);concept;;AUT Auto-immuunziekten o.b.v. add-on
ra;L04AB01;etanercept;22378748;axspa, crohn, psa, psoriasis;RA, na DMARD, met MTX of mono (Volw.) | RA, voor DMARD (Volw.);concept;;AUT Auto-immuunziekten o.b.v. add-on
ra;L04AA24;abatacept;22360573;psa;RA, na DMARD, met MTX (Volw.) | RA, voor DMARD, met MTX (Volw.);concept;;AUT Auto-immuunziekten o.b.v. add-on
ra;L04AF03;upadacitinib;16910334;axspa, crohn, cu, eczeem, psa;RA, na DMARD, met MTX of mono (Volw.);concept;;AUT Auto-immuunziekten o.b.v. add-on
ra;L04AB06;golimumab;14930195;axspa, cu, psa;RA, na DMARD, met MTX (Volw.) | RA, voor DMARD, met MTX (Volw.);concept;;AUT Auto-immuunziekten o.b.v. add-on
ra;L01FA01;rituximab;13567850;lymfoom, ms;RA, na DMARD en aTNF, met MTX (Volw.) | RA, na DMARD, met MTX of mono (Volw.) | RA, na aTNF, met MTX (Volw.);concept;;CAN Kanker o.b.v. add-on
ra;L04AB05;certolizumab pegol;13427087;axspa, psa, psoriasis;RA, na DMARD, met MTX of mono (Volw.) | RA, voor DMARD, met MTX (Volw.);concept;;AUT Auto-immuunziekten o.b.v. add-on
ra;L04AF02;baricitinib;8621167;eczeem, psa;RA, na DMARD, met MTX of mono (Volw.);concept;;AUT Auto-immuunziekten o.b.v. add-on
ra;L04AF01;tofacitinib;8516377;axspa, cu, psa;RA, na DMARD, met MTX of mono (Volw.);concept;;AUT Auto-immuunziekten o.b.v. add-on
ra;L04AF04;filgotinib;6380077;cu;RA, na DMARD, met MTX of mono (Volw.);concept;;AUT Auto-immuunziekten o.b.v. add-on
ra;L04AC03;anakinra;4838840;;RA, na mono MTX, met MTX (Volw.);concept;;AUT Auto-immuunziekten o.b.v. add-on
ra;L04AC14;sarilumab;3623678;;RA, na DMARD, met MTX of mono (Volw.);concept;;AUT Auto-immuunziekten o.b.v. add-on
rcc;L01FF02;pembrolizumab;261771353;crc, lymfoom, mamma, melanoom, nsclc;RCC, Adv, 1e lijn, combi met axitinib (Volw.) | RCC, Adv, 1e lijn, combi met lenvatinib (Volw.) | RCC, na nefrectomie, mono adjuvant (Volw.);concept;;CAN Kanker o.b.v. add-on
rcc;L01FF01;nivolumab;83659759;crc, lymfoom, melanoom, nsclc;RCC heldercellig, Adv, intermediair/ongunstig risicoprofiel, 1e lijn, Karnofskyscore >= 70, combi met ipilimumab (Volw.) | RCC, Adv, 1e lijn, combi met cabozantinib (Volw.) | RCC, Adv, >= 2e lijn, mono (Volw.) | RCC, Adv, intermediair/ongunstig risicoprofiel, 1e lijn, combi met ipilimumab (Volw.);concept;;CAN Kanker o.b.v. add-on
rcc;L01FX04;ipilimumab;51049873;crc, melanoom, nsclc;RCC heldercellig, Adv, intermediair/ongunstig risicoprofiel, 1e lijn, Karnofskyscore >= 70, combi met nivolumab (Volw.) | RCC, Adv, intermediair/ongunstig risicoprofiel, 1e lijn, combi met nivolumab (Volw.);concept;;CAN Kanker o.b.v. add-on
rcc;L01FG01;bevacizumab;13130894;crc, mamma, nsclc, oog;RCC, Adv of m, 1e lijn, combi met interferon alfa 2-a (Volw.);concept;;CAN Kanker o.b.v. add-on / MAC Maculadegeneratie o.b.v. add-on
rcc;L01FF04;avelumab;10367617;;RCC, Adv, 1e lijn, combi met axitinib (Volw.);concept;;CAN Kanker o.b.v. add-on
rcc;L01EX07;cabozantinib;7307052;;RCC, Adv, 1e lijn, combi met nivolumab (Volw.) | RCC, Adv, intermediate of poor risk, 1e lijn, mono (Volw.) | RCC, Adv, na VEGF remmer, mono (Volw.);concept;;CAN Kanker o.b.v. add-on
rcc;L01EG02;everolimus;5085775;mamma;RCC, Adv, na anti-VEGF (Volw.) | RCC, Adv, na eerdere VEGF remmer, >= 2e lijn, combi met lenvatinib (Volw.);concept;;CAN Kanker o.b.v. add-on
rcc;L01EX03;pazopanib;3340142;;RCC, Adv, 1e lijn of na cytokine (Volw.);concept;;CAN Kanker o.b.v. add-on
rcc;L01EX08;lenvatinib;2826771;;RCC, Adv, 1e lijn, combi met pembrolizumab (Volw.) | RCC, Adv, na eerdere VEGF remmer, >= 2e lijn, combi met everolimus (Volw.);concept;;CAN Kanker o.b.v. add-on
rcc;L01EX01;sunitinib;731376;;RCC, Adv of m (Volw.) | RCC, recidief (Kind 0-18 jaar);concept;;CAN Kanker o.b.v. add-on
rcc;L01EK01;axitinib;581959;;RCC, Adv of m, >= 2e lijn (Volw.) | RCC, Adv, 1e lijn, combi met pembrolizumab (Volw.) | RCC, adv, 1e lijn, combi met avelumab (Volw.);concept;;CAN Kanker o.b.v. add-on
rcc;L01EX02;sorafenib;462084;;RCC, Adv, na interferon-alfa of interleukine-2 (Volw.);concept;;CAN Kanker o.b.v. add-on
rcc;L01CA01;vinblastine;163671;lymfoom, mamma;RCC (Volw.);concept;;CAN Kanker o.b.v. add-on
rcc;L01EK03;tivozanib;3234;;RCC, Adv, 1e lijn of na cytokine (Volw.);concept;;CAN Kanker o.b.v. add-on
