cluster_id;atc;stof;fkg;status;opmerking
ra;L04AK01;leflunomide;REU;concept;
ra;L04AX03;methotrexaat;REU;concept;
ra;M01CC01;penicillamine;REU;concept;
ra;M04AC01;colchicine;REU;concept;
ra;P01BA02;hydroxychloroquine;REU;concept;
psa;L04AK01;leflunomide;REU;concept;
psa;L04AX03;methotrexaat;REU;concept;
psa;M01CC01;penicillamine;REU;concept;
psa;M04AC01;colchicine;REU;concept;
psa;P01BA02;hydroxychloroquine;REU;concept;
cu;A07EA04;betamethason;CRO;concept;
cu;A07EA06;budesonide;CRO;concept;
cu;A07EC01;sulfasalazine;CRO;concept;
cu;A07EC02;mesalazine;CRO;concept;
cu;A07EC03;olsalazine;CRO;concept;
cu;L04AX01;azathioprine;CRO;concept;
crohn;A07EA04;betamethason;CRO;concept;
crohn;A07EA06;budesonide;CRO;concept;
crohn;A07EC01;sulfasalazine;CRO;concept;
crohn;A07EC02;mesalazine;CRO;concept;
crohn;A07EC03;olsalazine;CRO;concept;
crohn;L04AX01;azathioprine;CRO;concept;
psoriasis;D02AF;salicylzuur;PSO;concept;
psoriasis;D05AC01;ditranol;PSO;concept;
psoriasis;D05AX02;calcipotriol;PSO;concept;
psoriasis;D05AX03;calcitriol;PSO;concept;
psoriasis;D05AX52;betamethason/calcipotriol;PSO;concept;
psoriasis;D05AX52;calcipotriol/betamethason;PSO;concept;
psoriasis;D05BB02;acitretine;PSO;concept;
psoriasis;D07AB09;triamcinolonacetonide;PSO;concept;
psoriasis;D07AC01;betamethason;PSO;concept;
psoriasis;D07AC03;desoximetason;PSO;concept;
psoriasis;D07AC13;mometason;PSO;concept;
psoriasis;D11AH01;tacrolimus;PSO;concept;
psoriasis;D11AH02;pimecrolimus;PSO;concept;
psoriasis;D11AH04;alitretinoine;PSO;concept;
eczeem;D07AB09;triamcinolonacetonide;PSO;concept;
eczeem;D07AC01;betamethason;PSO;concept;
eczeem;D07AC03;desoximetason;PSO;concept;
eczeem;D07AC13;mometason;PSO;concept;
eczeem;D11AH01;tacrolimus;PSO;concept;
eczeem;D11AH02;pimecrolimus;PSO;concept;
eczeem;D11AH04;alitretinoine;PSO;concept;
ms;L03AB07;interferon beta 1a;RMS;concept;
ms;L03AB07;interferon beta 1a merck serono;RMS;concept;
ms;L03AB08;interferon beta 1b;RMS;concept;
ms;L03AB13;peginterferon beta 1a biogen idec;RMS;concept;
ms;L03AX13;glatirameer;RMS;concept;
ms;L04AA40;cladribine;RMS;concept;
ms;L04AE01;fingolimod;RMS;concept;
ms;L04AE02;ozanimod;RMS;concept;
ms;L04AE03;siponimod;RMS;concept;
ms;L04AE04;ponesimod;RMS;concept;
ms;L04AG12;ofatumumab;RMS;concept;
ms;L04AK02;teriflunomide;RMS;concept;
ms;L04AX09;diroximelfumaraat;RMS;concept;
ms;N07XX07;fampridine;RMS;concept;
astma;R03AC02;salbutamol;AST;concept;
astma;R03AC03;terbutaline;AST;concept;
astma;R03AC12;salmeterol;AST;concept;
astma;R03AC13;formoterol;AST;concept;
astma;R03AK06;salmeterol/fluticason;AST;concept;
astma;R03AK07;budesonide/formoterol;AST;concept;
astma;R03AK08;beclometason/formoterol;AST;concept;
astma;R03AK10;fluticason/vilanterol;AST;concept;
astma;R03AK11;fluticason/formoterol;AST;concept;
astma;R03AK12;budesonide/salmeterol;AST;concept;
astma;R03AK14;indacaterol/mometason;AST;concept;
astma;R03BA01;beclometason;AST;concept;
astma;R03BA02;budesonide;AST;concept;
astma;R03BA05;fluticason;AST;concept;
astma;R03BA08;ciclesonide;AST;concept;
astma;R03CC02;salbutamol;AST;concept;
astma;R03DC03;montelukast;AST;concept;
prostaat;L02AE01;busereline;HOR;concept;
prostaat;L02AE02;leuproreline;HOR;concept;
prostaat;L02AE03;gosereline;HOR;concept;
prostaat;L02AE04;triptoreline;HOR;concept;
prostaat;L02BB02;nilutamide;HOR;concept;
prostaat;L02BB03;bicalutamide;HOR;concept;
prostaat;L02BX02;degarelix;HOR;concept;
prostaat;L02BX04;relugolix;HOR;concept;
mamma;L02AB01;megestrol;HOR;concept;
mamma;L02AB02;medroxyprogesteron;HOR;concept;
mamma;L02BA01;tamoxifen;HOR;concept;
mamma;L02BA03;fulvestrant;HOR;concept;
mamma;L02BG03;anastrozol;HOR;concept;
mamma;L02BG04;letrozol;HOR;concept;
mamma;L02BG06;exemestaan;HOR;concept;
